[
    {
        "model": "data.historique",
        "pk": "acolyte",
        "fields": {
            "desc": "Vous avez pass\u00e9 votre vie au service du temple d'un dieu sp\u00e9cifique ou d'un panth\u00e9on de dieux. Vous agissez comme interm\u00e9diaire entre les royaumes des cieux et le monde des mortels, ex\u00e9cutant des rites sacr\u00e9s et offrant des sacrifices pour conduire les fid\u00e8les face aux divins. Vous n'\u00eates pas n\u00e9cessairement un clerc, car ex\u00e9cuter des rites sacr\u00e9s religieux n'est pas la m\u00eame chose que de canaliser la puissance divine.\r\n\r\nChoisissez un dieu, un panth\u00e9on de dieux ou un \u00eatre quasi-divin, et travaillez avec votre MD pour pr\u00e9ciser la nature de votre labeur religieux. \u00c9tiez-vous un fonctionnaire de bas rang dans un temple, \u00e9lev\u00e9 d\u00e8s l'enfance pour aider les clercs \u00e0 r\u00e9aliser leurs rites sacr\u00e9s ? Ou \u00e9tiez-vous un religieux qui a soudainement re\u00e7u un appel pour servir son dieu d'une mani\u00e8re diff\u00e9rente ? Peut-\u00eatre \u00eates-vous le chef d'un petit culte en dehors de la structure \u00e9tablie d'un temple, ou membre d'un groupe occulte qui a servi un ma\u00eetre diabolique que vous reniez \u00e0 pr\u00e9sent.",
            "po": 15,
            "competences": [
                "intuition",
                "religion"
            ],
            "langue": [
                "2 au choix"
            ]
        }
    },
    {
        "model": "data.historique",
        "pk": "artisan de guilde",
        "fields": {
            "desc": "Vous \u00eates le membre d'une guilde d'artisans, comp\u00e9tent dans un domaine particulier et en relation \u00e9troite avec d'autres artisans. Vous \u00eates au fait du monde des march\u00e9s, lib\u00e9r\u00e9 des contraintes d'un ordre social f\u00e9odal gr\u00e2ce \u00e0 votre talent et \u00e0 votre richesse. Vous avez appris votre savoir-faire en tant qu'apprenti aupr\u00e8s d'un ma\u00eetre artisan, sous l'\u00e9gide de votre guilde, jusqu'\u00e0 ce que vous deveniez \u00e0 votre tour un ma\u00eetre dans votre branche.",
            "po": 15,
            "competences": [
                "intuition",
                "persuasion"
            ],
            "langue": [
                "une au choix"
            ]
        }
    },
    {
        "model": "data.historique",
        "pk": "artiste",
        "fields": {
            "desc": "Vous vous \u00e9panouissez lorsque vous vous trouvez devant un public. Vous savez comment l'hypnotiser, comment l'amuser, comment l'inspirer. Vos po\u00e8mes font fondre les c\u0153urs de ceux qui vous \u00e9coutent, r\u00e9veillant les col\u00e8res et les joies, r\u00e9pandant le rire ou la tristesse. Votre musique envahit leur esprit et s'empare de leurs douleurs. Vos pas de danse hypnotisent, votre humour pique au vif. Quelles que soient les techniques que vous utilisiez, l'art est toute votre vie.",
            "po": 15,
            "competences": [
                "acrobaties",
                "repr\u00e9sentation"
            ],
            "langue": [
                "aucune"
            ]
        }
    },
    {
        "model": "data.historique",
        "pk": "charlatan",
        "fields": {
            "desc": "Vous avez toujours eu un bon feeling avec les gens. Vous savez comment les accrocher, vous pouvez percevoir leurs plus profonds d\u00e9sirs apr\u00e8s quelques minutes de conversations, et avec quelques questions pr\u00e9cises vous pouvez lire en eux comme dans un livre ouvert. C'est un talent tr\u00e8s utile, et vous savez exactement comment l'utiliser \u00e0 votre avantage.\r\n\r\nVous savez ce que les gens veulent et vous le leur donnez, ou plut\u00f4t vous leur promettez de le leur donner. Le sens commun voudrait qu'une personne fuit une offre qui semble trop belle pour \u00eatre vraie, mais le sens commun semble toujours \u00eatre absent lorsque vous \u00eates dans les parages. Cette bouteille d'un liquide ros\u00e2tre va soigner \u00e0 coups s\u00fbrs cette vilaine \u00e9ruption cutan\u00e9e, cet onguent (rien de plus qu'un peu de graisse saupoudr\u00e9e de poussi\u00e8re d'argent) peut rendre jeunesse et vigueur, et il y a un pont en ville qui vient tout juste d'\u00eatre mis en vente. Ces racontars semblent invraisemblables, mais vous parvenez toujours \u00e0 leur faire prendre l'apparence de tr\u00e8s bonnes affaires tout \u00e0 fait plausibles.",
            "po": 15,
            "competences": [
                "escamotage",
                "tromperie"
            ],
            "langue": [
                "aucune"
            ]
        }
    },
    {
        "model": "data.historique",
        "pk": "criminel",
        "fields": {
            "desc": "Vous \u00eates un criminel exp\u00e9riment\u00e9 avec un long passif d'infractions \u00e0 la loi. Vous avez pass\u00e9 beaucoup de temps aux c\u00f4t\u00e9s d'autres criminels et avez encore des contacts au sein de la p\u00e8gre. Vous \u00eates bien plus familier que la plupart des autres personnes avec le monde du meurtre, du vol et de la violence qui r\u00e8gne au sein de la civilisation, et vous avez surv\u00e9cu jusque l\u00e0 en bafouant les r\u00e8gles et les lois de la soci\u00e9t\u00e9.",
            "po": 15,
            "competences": [
                "discr\u00e9tion",
                "tromperie"
            ],
            "langue": [
                "aucune"
            ]
        }
    },
    {
        "model": "data.historique",
        "pk": "enfant des rues",
        "fields": {
            "desc": "Vous avez grandi seul dans la rue, orphelin et pauvre. Vous n'aviez personne pour vous surveiller ni pour subvenir \u00e0 vos besoins, vous avez donc tout appris par vous-m\u00eame. Vous vous \u00eates battu f\u00e9rocement pour obtenir votre nourriture et gardiez constamment un \u0153il sur d'autres \u00e2mes abandonn\u00e9es comme vous qui n'esp\u00e9raient qu'un bon moment pour vous voler. Vous dormiez sur des toits ou dans des rues, expos\u00e9 aux intemp\u00e9ries, et vous avez vaincu la maladie \u00e0 de nombreuses reprises, sans aucune m\u00e9decine ni aucun endroit pour vous r\u00e9cup\u00e9rer. Vous avez surv\u00e9cu en d\u00e9pit de tous les pronostiques, ce qui vous a rendu rus\u00e9, fort ou rapide, voire un peu tout cela \u00e0 la fois.\r\n\r\nVous commencez votre carri\u00e8re d'aventurier avec assez d'argent pour vivre modestement mais en s\u00e9curit\u00e9 pour au moins dix jours. Comment avec vous obtenu cet argent ? Qu'est-ce qui vous a permis de vous lib\u00e9rer de votre affreuse condition de vie et de partir pour une vie meilleure ?",
            "po": 10,
            "competences": [
                "discr\u00e9tion",
                "escamotage"
            ],
            "langue": [
                "aucune"
            ]
        }
    },
    {
        "model": "data.historique",
        "pk": "ermite",
        "fields": {
            "desc": "Vous avez v\u00e9cu reclus, soit dans une communaut\u00e9 prot\u00e9g\u00e9e, comme un monast\u00e8re, ou enti\u00e8rement seul, lors d'un \u00e9pisode formateur de votre vie. Durant cette p\u00e9riode loin de la clameur de la soci\u00e9t\u00e9, vous avez trouv\u00e9 le calme, la solitude et peut-\u00eatre m\u00eame certaines r\u00e9ponses que vous cherchiez.",
            "po": 5,
            "competences": [
                "m\u00e9decine",
                "religion"
            ],
            "langue": [
                "une au choix"
            ]
        }
    },
    {
        "model": "data.historique",
        "pk": "h\u00e9ros du peuple",
        "fields": {
            "desc": "Vous venez d'un milieu social humble, mais \u00eates destin\u00e9 \u00e0 beaucoup plus. D\u00e9j\u00e0, les gens de votre village natal vous consid\u00e8rent comme leur champion, et votre destin vous appelle \u00e0 vous dresser face aux tyrans et aux monstres qui menacent les gens du commun un peu partout.",
            "po": 10,
            "competences": [
                "dressage",
                "survie"
            ],
            "langue": [
                "aucune"
            ]
        }
    },
    {
        "model": "data.historique",
        "pk": "marin",
        "fields": {
            "desc": "Vous avez navigu\u00e9 sur un navire pendant des ann\u00e9es. Durant cette p\u00e9riode, vous avez affront\u00e9 de nombreuses temp\u00eates, de nombreux monstres des profondeurs, et tous ceux qui voulaient envoyer par le fond votre embarcation. Votre premier amour est cette ligne inatteignable, l'horizon, mais le temps est venu pour vous de vous frotter \u00e0 autre chose.\r\n\r\nDiscutez de la nature de votre pass\u00e9 sur les flots avec votre MD. \u00c9tiez vous sur un navire marchand, un navire de la marine, un navire d'exploration, ou sur un navire pirate ? \u00c0 quel point votre navire \u00e9tait-il r\u00e9put\u00e9 (ou inf\u00e2me) ? A-t-il vogu\u00e9 sur de longues distances ? Navigue-t-il encore ou a-t-il disparu, pr\u00e9sum\u00e9 perdu avec tout son \u00e9quipage ? Quelle \u00e9tait votre responsabilit\u00e9 sur le navire : quartier ma\u00eetre, capitaine, marin, ma\u00eetre coq ou autre ? Qui \u00e9tait le capitaine et qui \u00e9tait le second ? Avez vous quitt\u00e9 votre navire en bon terme avec l'\u00e9quipage, ou l'avez vous fui ?",
            "po": 10,
            "competences": [
                "athl\u00e9tisme",
                "perception"
            ],
            "langue": [
                "aucune"
            ]
        }
    },
    {
        "model": "data.historique",
        "pk": "noble",
        "fields": {
            "desc": "Vous savez ce qu'est la richesse, le pouvoir et les privil\u00e8ges. Vous portez un titre de noblesse, et votre famille poss\u00e8de des terres, per\u00e7oit des imp\u00f4ts, et exerce une influence politique significative. Vous pourriez \u00eatre un aristocrate choy\u00e9 qui ne conna\u00eet pas le travail et l'inconfort, un ancien marchand qui vient d'\u00eatre \u00e9lev\u00e9 au rang de noble, ou une fripouille d\u00e9sh\u00e9rit\u00e9e avec un attrait pour les titres disproportionn\u00e9s. Ou vous pourriez \u00eatre un honn\u00eate propri\u00e9taire terrien qui travaille dur et qui se soucie profond\u00e9ment des gens qui vivent et travaillent sur ses terres, tout \u00e0 fait conscient de votre responsabilit\u00e9 envers eux. Travaillez avec votre MD pour d\u00e9finir un titre appropri\u00e9 et quelle autorit\u00e9 ce titre vous donne. Un titre de noblesse n'est pas une chose personnelle, il concerne une famille enti\u00e8re, et, quel que soit le titre que vous d\u00e9tenez, vous le transmettrez \u00e0 vos enfants. Donc non seulement vous devez d\u00e9terminer votre titre de noblesse, mais vous devez \u00e9galement travailler avec votre MD pour d\u00e9crire votre famille et l'influence qu'elle a sur vous.",
            "po": 25,
            "competences": [
                "histoire",
                "persuasion"
            ],
            "langue": [
                "une au choix"
            ]
        }
    },
    {
        "model": "data.historique",
        "pk": "sage",
        "fields": {
            "desc": "Vous avez pass\u00e9 des ann\u00e9es \u00e0 \u00e9tudier le multivers. Vous avez \u00e9cum\u00e9 les manuscrits, d\u00e9vor\u00e9 des parchemins et \u00e9cout\u00e9 les plus grands experts sur les sujets qui vous int\u00e9ressent. Vos efforts ont fait de vous un ma\u00eetre dans vos domaines d'\u00e9tudes.",
            "po": 10,
            "competences": [
                "arcanes",
                "histoire"
            ],
            "langue": [
                "2 au choix"
            ]
        }
    },
    {
        "model": "data.historique",
        "pk": "sauvageon",
        "fields": {
            "desc": "Vous avez grandi dans les \u00e9tendues sauvages, loin de toute civilisation et des conforts qu'offrent les villes et la technologie. Vous avez \u00e9t\u00e9 t\u00e9moin de la migration de troupeaux plus larges que des for\u00eats, vous avez surv\u00e9cu \u00e0 des climats plus extr\u00eames qu'aucun citadin ne pourrait l'imaginer, et vous avez appr\u00e9ci\u00e9 la solitude d'\u00eatre la seule cr\u00e9ature pensante \u00e0 des kilom\u00e8tres \u00e0 la ronde. La nature est dans votre sang, que vous ayez \u00e9t\u00e9 nomade, explorateur, reclus, chasseur ou m\u00eame pillard. M\u00eame dans un endroit dont vous ne connaissez pas les caract\u00e9ristiques du terrain, vous savez de quelle mani\u00e8re appr\u00e9hender une \u00e9tendue sauvage.",
            "po": 10,
            "competences": [
                "athl\u00e9tisme",
                "survie"
            ],
            "langue": [
                "une au choix"
            ]
        }
    },
    {
        "model": "data.historique",
        "pk": "soldat",
        "fields": {
            "desc": "La guerre a \u00e9t\u00e9 votre vie aussi loin que remontent vos souvenirs. Vous avez \u00e9t\u00e9 form\u00e9 d\u00e8s votre jeunesse, avez \u00e9tudi\u00e9 l'utilisation des armes et des armures, appris des techniques de base de survie, y compris la fa\u00e7on de rester en vie sur un champ de bataille. Vous pourriez avoir fait partie de l'arm\u00e9e d'un royaume ou d'une compagnie de mercenaires, ou peut-\u00eatre avoir \u00e9t\u00e9 membre d'une milice locale qui s'est fait conna\u00eetre au cours d'une guerre r\u00e9cente. Lorsque vous choisissez cet historique, travaillez avec votre MD pour d\u00e9terminer de quelle organisation militaire vous faisiez partie, jusqu'o\u00f9 avez-vous progress\u00e9 dans ses grades, et quelles exp\u00e9riences avez-vous v\u00e9cues au cours de votre carri\u00e8re militaire. \u00c9tait-ce une arm\u00e9e r\u00e9guli\u00e8re, la garde d'une ville ou une milice de village ? Ou \u00e9tait-ce l'arm\u00e9e priv\u00e9e d'un noble ou d'un marchand, ou bien une compagnie de mercenaires ?",
            "po": 10,
            "competences": [
                "athl\u00e9tisme",
                "intimidation"
            ],
            "langue": [
                "aucune"
            ]
        }
    },
    {
        "model": "data.quantiteequipement",
        "pk": 1,
        "fields": {
            "historique": "acolyte",
            "equipement": "symbole sacr\u00e9 d'acolyte",
            "quantite": 1
        }
    },
    {
        "model": "data.quantiteequipement",
        "pk": 2,
        "fields": {
            "historique": "acolyte",
            "equipement": "livre de pri\u00e8res",
            "quantite": 1
        }
    },
    {
        "model": "data.quantiteequipement",
        "pk": 3,
        "fields": {
            "historique": "acolyte",
            "equipement": "b\u00e2tons d'encens",
            "quantite": 5
        }
    },
    {
        "model": "data.quantiteequipement",
        "pk": 4,
        "fields": {
            "historique": "acolyte",
            "equipement": "habits de c\u00e9r\u00e9monie",
            "quantite": 1
        }
    },
    {
        "model": "data.quantiteequipement",
        "pk": 5,
        "fields": {
            "historique": "acolyte",
            "equipement": "v\u00eatements communs",
            "quantite": 1
        }
    },
    {
        "model": "data.quantiteequipement",
        "pk": 6,
        "fields": {
            "historique": "artisan de guilde",
            "equipement": "jeu d'outil d'artisan",
            "quantite": 1
        }
    },
    {
        "model": "data.quantiteequipement",
        "pk": 7,
        "fields": {
            "historique": "artisan de guilde",
            "equipement": "lettre de recommandation de votre guilde",
            "quantite": 1
        }
    },
    {
        "model": "data.quantiteequipement",
        "pk": 8,
        "fields": {
            "historique": "artisan de guilde",
            "equipement": "v\u00eatements de voyage",
            "quantite": 1
        }
    },
    {
        "model": "data.quantiteequipement",
        "pk": 9,
        "fields": {
            "historique": "artiste",
            "equipement": "instrument de musique",
            "quantite": 1
        }
    },
    {
        "model": "data.quantiteequipement",
        "pk": 10,
        "fields": {
            "historique": "artiste",
            "equipement": "cadeau d'un admirateur",
            "quantite": 1
        }
    },
    {
        "model": "data.quantiteequipement",
        "pk": 11,
        "fields": {
            "historique": "artiste",
            "equipement": "costume",
            "quantite": 1
        }
    },
    {
        "model": "data.quantiteequipement",
        "pk": 12,
        "fields": {
            "historique": "charlatan",
            "equipement": "v\u00eatements fins",
            "quantite": 1
        }
    },
    {
        "model": "data.quantiteequipement",
        "pk": 13,
        "fields": {
            "historique": "charlatan",
            "equipement": "kit de d\u00e9guisement",
            "quantite": 1
        }
    },
    {
        "model": "data.quantiteequipement",
        "pk": 14,
        "fields": {
            "historique": "charlatan",
            "equipement": "outils d'escroquerie",
            "quantite": 1
        }
    },
    {
        "model": "data.quantiteequipement",
        "pk": 15,
        "fields": {
            "historique": "criminel",
            "equipement": "pied-de-biche",
            "quantite": 1
        }
    },
    {
        "model": "data.quantiteequipement",
        "pk": 16,
        "fields": {
            "historique": "criminel",
            "equipement": "v\u00eatements communs sombres avec une capuche",
            "quantite": 1
        }
    },
    {
        "model": "data.quantiteequipement",
        "pk": 17,
        "fields": {
            "historique": "enfant des rues",
            "equipement": "petit couteau",
            "quantite": 1
        }
    },
    {
        "model": "data.quantiteequipement",
        "pk": 18,
        "fields": {
            "historique": "enfant des rues",
            "equipement": "carte de la ville",
            "quantite": 1
        }
    },
    {
        "model": "data.quantiteequipement",
        "pk": 19,
        "fields": {
            "historique": "enfant des rues",
            "equipement": "souris domestiqu\u00e9e",
            "quantite": 1
        }
    },
    {
        "model": "data.quantiteequipement",
        "pk": 20,
        "fields": {
            "historique": "enfant des rues",
            "equipement": "souvenir de vos parents",
            "quantite": 1
        }
    },
    {
        "model": "data.quantiteequipement",
        "pk": 21,
        "fields": {
            "historique": "enfant des rues",
            "equipement": "v\u00eatements communs",
            "quantite": 1
        }
    },
    {
        "model": "data.quantiteequipement",
        "pk": 22,
        "fields": {
            "historique": "ermite",
            "equipement": "\u00e9tui \u00e0 parchemin",
            "quantite": 1
        }
    },
    {
        "model": "data.quantiteequipement",
        "pk": 23,
        "fields": {
            "historique": "ermite",
            "equipement": "une couverture pour l'hiver",
            "quantite": 1
        }
    },
    {
        "model": "data.quantiteequipement",
        "pk": 24,
        "fields": {
            "historique": "ermite",
            "equipement": "v\u00eatements communs",
            "quantite": 1
        }
    },
    {
        "model": "data.quantiteequipement",
        "pk": 25,
        "fields": {
            "historique": "ermite",
            "equipement": "kit d'herboriste",
            "quantite": 1
        }
    },
    {
        "model": "data.quantiteequipement",
        "pk": 26,
        "fields": {
            "historique": "h\u00e9ros du peuple",
            "equipement": "jeu d'outil d'artisan",
            "quantite": 1
        }
    },
    {
        "model": "data.quantiteequipement",
        "pk": 27,
        "fields": {
            "historique": "h\u00e9ros du peuple",
            "equipement": "pelle",
            "quantite": 1
        }
    },
    {
        "model": "data.quantiteequipement",
        "pk": 28,
        "fields": {
            "historique": "h\u00e9ros du peuple",
            "equipement": "pot en fer",
            "quantite": 1
        }
    },
    {
        "model": "data.quantiteequipement",
        "pk": 29,
        "fields": {
            "historique": "h\u00e9ros du peuple",
            "equipement": "v\u00eatements communs",
            "quantite": 1
        }
    },
    {
        "model": "data.quantiteequipement",
        "pk": 30,
        "fields": {
            "historique": "marin",
            "equipement": "cabillot d'amarrage (gourdin)",
            "quantite": 1
        }
    },
    {
        "model": "data.quantiteequipement",
        "pk": 31,
        "fields": {
            "historique": "marin",
            "equipement": "corde en soie (15 m)",
            "quantite": 1
        }
    },
    {
        "model": "data.quantiteequipement",
        "pk": 32,
        "fields": {
            "historique": "marin",
            "equipement": "porte bonheur",
            "quantite": 1
        }
    },
    {
        "model": "data.quantiteequipement",
        "pk": 33,
        "fields": {
            "historique": "marin",
            "equipement": "v\u00eatements communs",
            "quantite": 1
        }
    },
    {
        "model": "data.quantiteequipement",
        "pk": 34,
        "fields": {
            "historique": "noble",
            "equipement": "v\u00eatements fins",
            "quantite": 1
        }
    },
    {
        "model": "data.quantiteequipement",
        "pk": 35,
        "fields": {
            "historique": "noble",
            "equipement": "chevali\u00e8re",
            "quantite": 1
        }
    },
    {
        "model": "data.quantiteequipement",
        "pk": 36,
        "fields": {
            "historique": "noble",
            "equipement": "lettre de noblesse",
            "quantite": 1
        }
    },
    {
        "model": "data.quantiteequipement",
        "pk": 37,
        "fields": {
            "historique": "sage",
            "equipement": "bouteille d'encre noire",
            "quantite": 1
        }
    },
    {
        "model": "data.quantiteequipement",
        "pk": 38,
        "fields": {
            "historique": "sage",
            "equipement": "plume",
            "quantite": 1
        }
    },
    {
        "model": "data.quantiteequipement",
        "pk": 39,
        "fields": {
            "historique": "sage",
            "equipement": "petit couteau",
            "quantite": 1
        }
    },
    {
        "model": "data.quantiteequipement",
        "pk": 40,
        "fields": {
            "historique": "sage",
            "equipement": "lettre",
            "quantite": 1
        }
    },
    {
        "model": "data.quantiteequipement",
        "pk": 41,
        "fields": {
            "historique": "sage",
            "equipement": "v\u00eatements communs",
            "quantite": 1
        }
    },
    {
        "model": "data.quantiteequipement",
        "pk": 42,
        "fields": {
            "historique": "sauvageon",
            "equipement": "b\u00e2ton",
            "quantite": 1
        }
    },
    {
        "model": "data.quantiteequipement",
        "pk": 43,
        "fields": {
            "historique": "sauvageon",
            "equipement": "pi\u00e8ge \u00e0 m\u00e2choires",
            "quantite": 1
        }
    },
    {
        "model": "data.quantiteequipement",
        "pk": 44,
        "fields": {
            "historique": "sauvageon",
            "equipement": "troph\u00e9e d'animal que vous avez tu\u00e9",
            "quantite": 1
        }
    },
    {
        "model": "data.quantiteequipement",
        "pk": 45,
        "fields": {
            "historique": "sauvageon",
            "equipement": "v\u00eatements de voyage",
            "quantite": 1
        }
    },
    {
        "model": "data.quantiteequipement",
        "pk": 46,
        "fields": {
            "historique": "soldat",
            "equipement": "insigne de grade",
            "quantite": 1
        }
    },
    {
        "model": "data.quantiteequipement",
        "pk": 47,
        "fields": {
            "historique": "soldat",
            "equipement": "troph\u00e9e pris sur un ennemi mort",
            "quantite": 1
        }
    },
    {
        "model": "data.quantiteequipement",
        "pk": 48,
        "fields": {
            "historique": "soldat",
            "equipement": "jeu",
            "quantite": 1
        }
    },
    {
        "model": "data.quantiteequipement",
        "pk": 49,
        "fields": {
            "historique": "soldat",
            "equipement": "v\u00eatements communs",
            "quantite": 1
        }
    },
    {
        "model": "data.equipement",
        "pk": "Arbal\u00e8te de poing",
        "fields": {
            "desc": "",
            "prix": 75.0,
            "poids": 1.5
        }
    },
    {
        "model": "data.equipement",
        "pk": "Arbal\u00e8te lourde",
        "fields": {
            "desc": "",
            "prix": 50.0,
            "poids": 9.0
        }
    },
    {
        "model": "data.equipement",
        "pk": "Arbal\u00e8te l\u00e9g\u00e8re",
        "fields": {
            "desc": "",
            "prix": 25.0,
            "poids": 2.5
        }
    },
    {
        "model": "data.equipement",
        "pk": "Arc court",
        "fields": {
            "desc": "",
            "prix": 25.0,
            "poids": 1.0
        }
    },
    {
        "model": "data.equipement",
        "pk": "Arc long",
        "fields": {
            "desc": "",
            "prix": 50.0,
            "poids": 1.0
        }
    },
    {
        "model": "data.equipement",
        "pk": "Bouclier",
        "fields": {
            "desc": "",
            "prix": 10.0,
            "poids": 3.0
        }
    },
    {
        "model": "data.equipement",
        "pk": "Broigne",
        "fields": {
            "desc": "",
            "prix": 30.0,
            "poids": 20.0
        }
    },
    {
        "model": "data.equipement",
        "pk": "B\u00e2ton",
        "fields": {
            "desc": "",
            "prix": 0.2,
            "poids": 2.0
        }
    },
    {
        "model": "data.equipement",
        "pk": "Chalemie",
        "fields": {
            "desc": "",
            "prix": 2.0,
            "poids": 0.5
        }
    },
    {
        "model": "data.equipement",
        "pk": "Chemise de mailles",
        "fields": {
            "desc": "",
            "prix": 50.0,
            "poids": 110.0
        }
    },
    {
        "model": "data.equipement",
        "pk": "Cimeterre",
        "fields": {
            "desc": "",
            "prix": 25.0,
            "poids": 1.5
        }
    },
    {
        "model": "data.equipement",
        "pk": "Clibanion",
        "fields": {
            "desc": "",
            "prix": 200.0,
            "poids": 30.0
        }
    },
    {
        "model": "data.equipement",
        "pk": "Cor",
        "fields": {
            "desc": "",
            "prix": 3.0,
            "poids": 1.0
        }
    },
    {
        "model": "data.equipement",
        "pk": "Cornemuse",
        "fields": {
            "desc": "",
            "prix": 30.0,
            "poids": 3.0
        }
    },
    {
        "model": "data.equipement",
        "pk": "Cotte de mailles",
        "fields": {
            "desc": "",
            "prix": 75.0,
            "poids": 27.5
        }
    },
    {
        "model": "data.equipement",
        "pk": "Coutille",
        "fields": {
            "desc": "",
            "prix": 20.0,
            "poids": 3.0
        }
    },
    {
        "model": "data.equipement",
        "pk": "Cuir",
        "fields": {
            "desc": "",
            "prix": 10.0,
            "poids": 5.0
        }
    },
    {
        "model": "data.equipement",
        "pk": "Cuir clout\u00e9",
        "fields": {
            "desc": "",
            "prix": 45.0,
            "poids": 6.5
        }
    },
    {
        "model": "data.equipement",
        "pk": "Cuirasse",
        "fields": {
            "desc": "",
            "prix": 400.0,
            "poids": 10.0
        }
    },
    {
        "model": "data.equipement",
        "pk": "Dague",
        "fields": {
            "desc": "",
            "prix": 2.0,
            "poids": 0.5
        }
    },
    {
        "model": "data.equipement",
        "pk": "Demi-plate",
        "fields": {
            "desc": "",
            "prix": 750.0,
            "poids": 20.0
        }
    },
    {
        "model": "data.equipement",
        "pk": "D\u00e9s",
        "fields": {
            "desc": "",
            "prix": 0.1,
            "poids": 0.0
        }
    },
    {
        "model": "data.equipement",
        "pk": "Filet",
        "fields": {
            "desc": "Une cr\u00e9ature de taille G ou plus petite qui est touch\u00e9e par un filet est entrav\u00e9e jusqu'\u00e0 ce qu'elle soit lib\u00e9r\u00e9e. Un filet n'a aucun effet sur les cr\u00e9atures sans forme ou de taille sup\u00e9rieure \u00e0 G. Une cr\u00e9ature peut utiliser son action pour effectuer un jet de Force DD 10 afin de se lib\u00e9rer ou de lib\u00e9rer une autre cr\u00e9ature \u00e0 sa port\u00e9e en cas de succ\u00e8s. Infliger 5 points de d\u00e9g\u00e2ts tranchants \u00e0 un filet (CA 10) permet \u00e9galement de lib\u00e9rer une cr\u00e9ature sans la blesser, mettant fin \u00e0 l'effet tout en d\u00e9truisant le filet. Lorsque vous utilisez une action, une action bonus ou une r\u00e9action pour attaquer avec un filet, vous ne pouvez effectuer qu'une seule attaque, et ce quel que soit le nombre d'attaques que vous pouvez normalement r\u00e9aliser.",
            "prix": 1.0,
            "poids": 1.5
        }
    },
    {
        "model": "data.equipement",
        "pk": "Fl\u00e9au d'armes",
        "fields": {
            "desc": "",
            "prix": 10.0,
            "poids": 1.0
        }
    },
    {
        "model": "data.equipement",
        "pk": "Fl\u00e9chette",
        "fields": {
            "desc": "",
            "prix": 0.05,
            "poids": 0.1
        }
    },
    {
        "model": "data.equipement",
        "pk": "Fl\u00fbte",
        "fields": {
            "desc": "",
            "prix": 2.0,
            "poids": 0.5
        }
    },
    {
        "model": "data.equipement",
        "pk": "Fl\u00fbte de pan",
        "fields": {
            "desc": "",
            "prix": 12.0,
            "poids": 1.0
        }
    },
    {
        "model": "data.equipement",
        "pk": "Fouet",
        "fields": {
            "desc": "",
            "prix": 2.0,
            "poids": 1.5
        }
    },
    {
        "model": "data.equipement",
        "pk": "Fronde",
        "fields": {
            "desc": "",
            "prix": 0.1,
            "poids": 0.0
        }
    },
    {
        "model": "data.equipement",
        "pk": "Gourdin",
        "fields": {
            "desc": "",
            "prix": 0.1,
            "poids": 1.0
        }
    },
    {
        "model": "data.equipement",
        "pk": "Hache d'armes",
        "fields": {
            "desc": "",
            "prix": 10.0,
            "poids": 2.0
        }
    },
    {
        "model": "data.equipement",
        "pk": "Hache \u00e0 deux mains",
        "fields": {
            "desc": "",
            "prix": 30.0,
            "poids": 3.5
        }
    },
    {
        "model": "data.equipement",
        "pk": "Hachette",
        "fields": {
            "desc": "",
            "prix": 5.0,
            "poids": 1.0
        }
    },
    {
        "model": "data.equipement",
        "pk": "Hallebarde",
        "fields": {
            "desc": "",
            "prix": 20.0,
            "poids": 3.0
        }
    },
    {
        "model": "data.equipement",
        "pk": "Harnois",
        "fields": {
            "desc": "",
            "prix": 1500.0,
            "poids": 32.5
        }
    },
    {
        "model": "data.equipement",
        "pk": "Javeline",
        "fields": {
            "desc": "",
            "prix": 0.5,
            "poids": 1.0
        }
    },
    {
        "model": "data.equipement",
        "pk": "Jeu d'\u00e9checs draconiques",
        "fields": {
            "desc": "",
            "prix": 1.0,
            "poids": 0.25
        }
    },
    {
        "model": "data.equipement",
        "pk": "Jeu de cartes",
        "fields": {
            "desc": "",
            "prix": 0.5,
            "poids": 0.0
        }
    },
    {
        "model": "data.equipement",
        "pk": "Jeu des Dragons",
        "fields": {
            "desc": "",
            "prix": 1.0,
            "poids": 0.0
        }
    },
    {
        "model": "data.equipement",
        "pk": "Kit d'empoisonneur",
        "fields": {
            "desc": "",
            "prix": 50.0,
            "poids": 1.0
        }
    },
    {
        "model": "data.equipement",
        "pk": "Kit d'herboriste",
        "fields": {
            "desc": "",
            "prix": 5.0,
            "poids": 1.5
        }
    },
    {
        "model": "data.equipement",
        "pk": "Kit de contrefa\u00e7on",
        "fields": {
            "desc": "",
            "prix": 15.0,
            "poids": 2.5
        }
    },
    {
        "model": "data.equipement",
        "pk": "Kit de d\u00e9guisement",
        "fields": {
            "desc": "",
            "prix": 25.0,
            "poids": 1.5
        }
    },
    {
        "model": "data.equipement",
        "pk": "Lance",
        "fields": {
            "desc": "",
            "prix": 1.0,
            "poids": 1.5
        }
    },
    {
        "model": "data.equipement",
        "pk": "Lance d\u2019ar\u00e7on",
        "fields": {
            "desc": "Vous avez un d\u00e9savantage lorsque vous utilisez une lance d'ar\u00e7on pour attaquer une cible \u00e0 1,50 m\u00e8tre ou moins de vous. En outre, une lance d'ar\u00e7on requiert deux mains pour \u00eatre mani\u00e9e lorsque vous n'\u00eates pas sur une monture.",
            "prix": null,
            "poids": null
        }
    },
    {
        "model": "data.equipement",
        "pk": "Luth",
        "fields": {
            "desc": "",
            "prix": 35.0,
            "poids": 1.0
        }
    },
    {
        "model": "data.equipement",
        "pk": "Lyre",
        "fields": {
            "desc": "",
            "prix": 30.0,
            "poids": 1.0
        }
    },
    {
        "model": "data.equipement",
        "pk": "Maillet",
        "fields": {
            "desc": "",
            "prix": 10.0,
            "poids": 5.0
        }
    },
    {
        "model": "data.equipement",
        "pk": "Marteau de guerre",
        "fields": {
            "desc": "",
            "prix": 15.0,
            "poids": 1.0
        }
    },
    {
        "model": "data.equipement",
        "pk": "Marteau l\u00e9ger",
        "fields": {
            "desc": "",
            "prix": 2.0,
            "poids": 1.0
        }
    },
    {
        "model": "data.equipement",
        "pk": "Masse d'armes",
        "fields": {
            "desc": "",
            "prix": 5.0,
            "poids": 2.0
        }
    },
    {
        "model": "data.equipement",
        "pk": "Massue",
        "fields": {
            "desc": "",
            "prix": 0.2,
            "poids": 5.0
        }
    },
    {
        "model": "data.equipement",
        "pk": "Matelass\u00e9e",
        "fields": {
            "desc": "",
            "prix": 5.0,
            "poids": 4.0
        }
    },
    {
        "model": "data.equipement",
        "pk": "Mat\u00e9riel d'alchimiste",
        "fields": {
            "desc": "",
            "prix": 50.0,
            "poids": 4.0
        }
    },
    {
        "model": "data.equipement",
        "pk": "Mat\u00e9riel de brasseur",
        "fields": {
            "desc": "",
            "prix": 20.0,
            "poids": 4.5
        }
    },
    {
        "model": "data.equipement",
        "pk": "Mat\u00e9riel de calligraphe",
        "fields": {
            "desc": "",
            "prix": 10.0,
            "poids": 2.5
        }
    },
    {
        "model": "data.equipement",
        "pk": "Mat\u00e9riel de peintre",
        "fields": {
            "desc": "",
            "prix": 10.0,
            "poids": 2.5
        }
    },
    {
        "model": "data.equipement",
        "pk": "Morgenstern",
        "fields": {
            "desc": "",
            "prix": 15.0,
            "poids": 1.0
        }
    },
    {
        "model": "data.equipement",
        "pk": "Outils de bijoutier",
        "fields": {
            "desc": "",
            "prix": 25.0,
            "poids": 1.0
        }
    },
    {
        "model": "data.equipement",
        "pk": "Outils de bricoleur",
        "fields": {
            "desc": "",
            "prix": 50.0,
            "poids": 5.0
        }
    },
    {
        "model": "data.equipement",
        "pk": "Outils de cartographe",
        "fields": {
            "desc": "",
            "prix": 15.0,
            "poids": 3.0
        }
    },
    {
        "model": "data.equipement",
        "pk": "Outils de charpentier",
        "fields": {
            "desc": "",
            "prix": 8.0,
            "poids": 3.0
        }
    },
    {
        "model": "data.equipement",
        "pk": "Outils de cordonnier",
        "fields": {
            "desc": "",
            "prix": 5.0,
            "poids": 2.5
        }
    },
    {
        "model": "data.equipement",
        "pk": "Outils de forgeron",
        "fields": {
            "desc": "",
            "prix": 20.0,
            "poids": 4.0
        }
    },
    {
        "model": "data.equipement",
        "pk": "Outils de ma\u00e7on",
        "fields": {
            "desc": "",
            "prix": 10.0,
            "poids": 4.0
        }
    },
    {
        "model": "data.equipement",
        "pk": "Outils de menuisier",
        "fields": {
            "desc": "",
            "prix": 1.0,
            "poids": 2.5
        }
    },
    {
        "model": "data.equipement",
        "pk": "Outils de navigateur",
        "fields": {
            "desc": "Ces outils sont utilis\u00e9s pour la navigation en mer. La ma\u00eetrise des outils de navigateur vous permet de tracer le parcours d'un navire et de suivre des cartes de navigation. En outre, ces outils vous permettent d'ajouter votre bonus de ma\u00eetrise \u00e0 tous les jets de caract\u00e9ristique pour \u00e9viter de se perdre en mer.",
            "prix": 25.0,
            "poids": 1.0
        }
    },
    {
        "model": "data.equipement",
        "pk": "Outils de potier",
        "fields": {
            "desc": "",
            "prix": 10.0,
            "poids": 1.0
        }
    },
    {
        "model": "data.equipement",
        "pk": "Outils de souffleur de verre",
        "fields": {
            "desc": "",
            "prix": 30.0,
            "poids": 2.5
        }
    },
    {
        "model": "data.equipement",
        "pk": "Outils de tanneur",
        "fields": {
            "desc": "",
            "prix": 5.0,
            "poids": 2.5
        }
    },
    {
        "model": "data.equipement",
        "pk": "Outils de tisserand",
        "fields": {
            "desc": "",
            "prix": 1.0,
            "poids": 2.5
        }
    },
    {
        "model": "data.equipement",
        "pk": "Outils de voleur",
        "fields": {
            "desc": "Ces outils comprennent une petite lime, divers outils de crochetage, un petit miroir mont\u00e9 sur une poign\u00e9e en m\u00e9tal, une paire de ciseaux \u00e0 lames fines et une paire de pinces. Si vous ma\u00eetrisez les outils de voleur, vous pouvez ajouter votre bonus de ma\u00eetrise \u00e0 tous les jets de caract\u00e9ristique pour d\u00e9sactiver un pi\u00e8ge ou crocheter une serrure.",
            "prix": 25.0,
            "poids": 0.5
        }
    },
    {
        "model": "data.equipement",
        "pk": "Peaux",
        "fields": {
            "desc": "",
            "prix": 10.0,
            "poids": 6.0
        }
    },
    {
        "model": "data.equipement",
        "pk": "Pic de guerre",
        "fields": {
            "desc": "",
            "prix": 5.0,
            "poids": 1.0
        }
    },
    {
        "model": "data.equipement",
        "pk": "Pique",
        "fields": {
            "desc": "",
            "prix": 5.0,
            "poids": 9.0
        }
    },
    {
        "model": "data.equipement",
        "pk": "Rapi\u00e8re",
        "fields": {
            "desc": "",
            "prix": 25.0,
            "poids": 1.0
        }
    },
    {
        "model": "data.equipement",
        "pk": "Sarbacane",
        "fields": {
            "desc": "",
            "prix": 10.0,
            "poids": 0.5
        }
    },
    {
        "model": "data.equipement",
        "pk": "Tambour",
        "fields": {
            "desc": "",
            "prix": 6.0,
            "poids": 1.5
        }
    },
    {
        "model": "data.equipement",
        "pk": "Trident",
        "fields": {
            "desc": "",
            "prix": 5.0,
            "poids": 2.0
        }
    },
    {
        "model": "data.equipement",
        "pk": "Tympanon",
        "fields": {
            "desc": "",
            "prix": 25.0,
            "poids": 5.0
        }
    },
    {
        "model": "data.equipement",
        "pk": "Ustensiles de cuisinier",
        "fields": {
            "desc": "",
            "prix": 1.0,
            "poids": 4.0
        }
    },
    {
        "model": "data.equipement",
        "pk": "Viole",
        "fields": {
            "desc": "",
            "prix": 30.0,
            "poids": 0.5
        }
    },
    {
        "model": "data.equipement",
        "pk": "bouteille d'encre noire",
        "fields": {
            "desc": "",
            "prix": null,
            "poids": null
        }
    },
    {
        "model": "data.equipement",
        "pk": "b\u00e2ton",
        "fields": {
            "desc": "",
            "prix": null,
            "poids": null
        }
    },
    {
        "model": "data.equipement",
        "pk": "b\u00e2tons d'encens",
        "fields": {
            "desc": "",
            "prix": null,
            "poids": null
        }
    },
    {
        "model": "data.equipement",
        "pk": "cabillot d'amarrage (gourdin)",
        "fields": {
            "desc": "",
            "prix": null,
            "poids": null
        }
    },
    {
        "model": "data.equipement",
        "pk": "cadeau d'un admirateur",
        "fields": {
            "desc": "(une lettre d'amour, une m\u00e8che de cheveux, une babiole)",
            "prix": null,
            "poids": null
        }
    },
    {
        "model": "data.equipement",
        "pk": "carte de la ville",
        "fields": {
            "desc": "ville dans laquelle vous avez grandi",
            "prix": null,
            "poids": null
        }
    },
    {
        "model": "data.equipement",
        "pk": "chevali\u00e8re",
        "fields": {
            "desc": "",
            "prix": null,
            "poids": null
        }
    },
    {
        "model": "data.equipement",
        "pk": "corde en soie (15 m)",
        "fields": {
            "desc": "",
            "prix": null,
            "poids": null
        }
    },
    {
        "model": "data.equipement",
        "pk": "costume",
        "fields": {
            "desc": "",
            "prix": null,
            "poids": null
        }
    },
    {
        "model": "data.equipement",
        "pk": "habits de c\u00e9r\u00e9monie",
        "fields": {
            "desc": "",
            "prix": null,
            "poids": null
        }
    },
    {
        "model": "data.equipement",
        "pk": "insigne de grade",
        "fields": {
            "desc": "",
            "prix": null,
            "poids": null
        }
    },
    {
        "model": "data.equipement",
        "pk": "instrument de musique",
        "fields": {
            "desc": "",
            "prix": null,
            "poids": null
        }
    },
    {
        "model": "data.equipement",
        "pk": "jeu",
        "fields": {
            "desc": "d\u00e9s en os ou un jeu de cartes",
            "prix": null,
            "poids": null
        }
    },
    {
        "model": "data.equipement",
        "pk": "jeu d'outil d'artisan",
        "fields": {
            "desc": "(de votre choix)",
            "prix": null,
            "poids": null
        }
    },
    {
        "model": "data.equipement",
        "pk": "kit d'herboriste",
        "fields": {
            "desc": "",
            "prix": null,
            "poids": null
        }
    },
    {
        "model": "data.equipement",
        "pk": "kit de d\u00e9guisement",
        "fields": {
            "desc": "",
            "prix": null,
            "poids": null
        }
    },
    {
        "model": "data.equipement",
        "pk": "lettre",
        "fields": {
            "desc": "d'un coll\u00e8gue mort posant une question \u00e0 laquelle vous n'avez pas encore \u00e9t\u00e9 en mesure de r\u00e9pondre",
            "prix": null,
            "poids": null
        }
    },
    {
        "model": "data.equipement",
        "pk": "lettre de noblesse",
        "fields": {
            "desc": "",
            "prix": null,
            "poids": null
        }
    },
    {
        "model": "data.equipement",
        "pk": "lettre de recommandation de votre guilde",
        "fields": {
            "desc": "",
            "prix": null,
            "poids": null
        }
    },
    {
        "model": "data.equipement",
        "pk": "livre de pri\u00e8res",
        "fields": {
            "desc": "",
            "prix": null,
            "poids": null
        }
    },
    {
        "model": "data.equipement",
        "pk": "outils d'escroquerie",
        "fields": {
            "desc": "de votre choix (10 bouteilles bouchonn\u00e9es remplies d'un liquide color\u00e9, d\u00e9s truqu\u00e9s, cartes marqu\u00e9es, fausse chevali\u00e8re de duc, ...)",
            "prix": null,
            "poids": null
        }
    },
    {
        "model": "data.equipement",
        "pk": "pelle",
        "fields": {
            "desc": "",
            "prix": null,
            "poids": null
        }
    },
    {
        "model": "data.equipement",
        "pk": "petit couteau",
        "fields": {
            "desc": "",
            "prix": null,
            "poids": null
        }
    },
    {
        "model": "data.equipement",
        "pk": "pied-de-biche",
        "fields": {
            "desc": "",
            "prix": null,
            "poids": null
        }
    },
    {
        "model": "data.equipement",
        "pk": "pi\u00e8ge \u00e0 m\u00e2choires",
        "fields": {
            "desc": "",
            "prix": null,
            "poids": null
        }
    },
    {
        "model": "data.equipement",
        "pk": "plume",
        "fields": {
            "desc": "",
            "prix": null,
            "poids": null
        }
    },
    {
        "model": "data.equipement",
        "pk": "porte bonheur",
        "fields": {
            "desc": "comme une patte de lapin ou une petite pierre avec un trou en son centre (vous pouvez sinon tirer al\u00e9atoirement une babiole)",
            "prix": null,
            "poids": null
        }
    },
    {
        "model": "data.equipement",
        "pk": "pot en fer",
        "fields": {
            "desc": "",
            "prix": null,
            "poids": null
        }
    },
    {
        "model": "data.equipement",
        "pk": "souris domestiqu\u00e9e",
        "fields": {
            "desc": "",
            "prix": null,
            "poids": null
        }
    },
    {
        "model": "data.equipement",
        "pk": "souvenir de vos parents",
        "fields": {
            "desc": "",
            "prix": null,
            "poids": null
        }
    },
    {
        "model": "data.equipement",
        "pk": "symbole sacr\u00e9 d'acolyte",
        "fields": {
            "desc": "cadeau re\u00e7u lorsque vous \u00eates entr\u00e9 en sacerdoce",
            "prix": null,
            "poids": null
        }
    },
    {
        "model": "data.equipement",
        "pk": "troph\u00e9e d'animal que vous avez tu\u00e9",
        "fields": {
            "desc": "",
            "prix": null,
            "poids": null
        }
    },
    {
        "model": "data.equipement",
        "pk": "troph\u00e9e pris sur un ennemi mort",
        "fields": {
            "desc": "(une dague, une lame bris\u00e9e, un morceau de banni\u00e8re)",
            "prix": null,
            "poids": null
        }
    },
    {
        "model": "data.equipement",
        "pk": "une couverture pour l'hiver",
        "fields": {
            "desc": "",
            "prix": null,
            "poids": null
        }
    },
    {
        "model": "data.equipement",
        "pk": "v\u00eatements communs",
        "fields": {
            "desc": "",
            "prix": null,
            "poids": null
        }
    },
    {
        "model": "data.equipement",
        "pk": "v\u00eatements communs sombres avec une capuche",
        "fields": {
            "desc": "",
            "prix": null,
            "poids": null
        }
    },
    {
        "model": "data.equipement",
        "pk": "v\u00eatements de voyage",
        "fields": {
            "desc": "",
            "prix": null,
            "poids": null
        }
    },
    {
        "model": "data.equipement",
        "pk": "v\u00eatements fins",
        "fields": {
            "desc": "",
            "prix": null,
            "poids": null
        }
    },
    {
        "model": "data.equipement",
        "pk": "\u00c9cailles",
        "fields": {
            "desc": "",
            "prix": 50.0,
            "poids": 22.5
        }
    },
    {
        "model": "data.equipement",
        "pk": "\u00c9p\u00e9e courte",
        "fields": {
            "desc": "",
            "prix": 10.0,
            "poids": 1.0
        }
    },
    {
        "model": "data.equipement",
        "pk": "\u00c9p\u00e9e longue",
        "fields": {
            "desc": "",
            "prix": 10.0,
            "poids": 1.0
        }
    },
    {
        "model": "data.equipement",
        "pk": "\u00c9p\u00e9e \u00e0 deux mains",
        "fields": {
            "desc": "",
            "prix": 50.0,
            "poids": 3.0
        }
    },
    {
        "model": "data.equipement",
        "pk": "\u00e9tui \u00e0 parchemin",
        "fields": {
            "desc": "remplis de notes sur vos \u00e9tudes ou vos pri\u00e8res",
            "prix": null,
            "poids": null
        }
    },
    {
        "model": "data.arme",
        "pk": "Arbal\u00e8te de poing",
        "fields": {
            "degat": "1d6",
            "type_degat": "PRF",
            "portee_min": 9.0,
            "portee_max": 36.0,
            "propriete": [
                "Chargement",
                "L\u00e9g\u00e8re",
                "Munitions"
            ]
        }
    },
    {
        "model": "data.arme",
        "pk": "Arbal\u00e8te lourde",
        "fields": {
            "degat": "1d10",
            "type_degat": "PRF",
            "portee_min": 30.0,
            "portee_max": 120.0,
            "propriete": [
                "A deux mains",
                "Chargement",
                "Lourde",
                "Munitions"
            ]
        }
    },
    {
        "model": "data.arme",
        "pk": "Arbal\u00e8te l\u00e9g\u00e8re",
        "fields": {
            "degat": "1d8",
            "type_degat": "PRF",
            "portee_min": 24.0,
            "portee_max": 96.0,
            "propriete": [
                "A deux mains",
                "Chargement",
                "Munitions"
            ]
        }
    },
    {
        "model": "data.arme",
        "pk": "Arc court",
        "fields": {
            "degat": "1d6",
            "type_degat": null,
            "portee_min": 24.0,
            "portee_max": 96.0,
            "propriete": [
                "A deux mains",
                "Munitions"
            ]
        }
    },
    {
        "model": "data.arme",
        "pk": "Arc long",
        "fields": {
            "degat": "1d8",
            "type_degat": "PRF",
            "portee_min": 45.0,
            "portee_max": 180.0,
            "propriete": [
                "A deux mains",
                "Lourde",
                "Munitions"
            ]
        }
    },
    {
        "model": "data.arme",
        "pk": "B\u00e2ton",
        "fields": {
            "degat": "1d6",
            "type_degat": "CTD",
            "portee_min": null,
            "portee_max": null,
            "propriete": [
                "Polyvalente(1d8)"
            ]
        }
    },
    {
        "model": "data.arme",
        "pk": "Cimeterre",
        "fields": {
            "degat": "1d6",
            "type_degat": "TRC",
            "portee_min": null,
            "portee_max": null,
            "propriete": [
                "Finesse",
                "L\u00e9g\u00e8re"
            ]
        }
    },
    {
        "model": "data.arme",
        "pk": "Coutille",
        "fields": {
            "degat": "1d10",
            "type_degat": "TRC",
            "portee_min": null,
            "portee_max": null,
            "propriete": [
                "A deux mains",
                "Allonge",
                "Lourde"
            ]
        }
    },
    {
        "model": "data.arme",
        "pk": "Dague",
        "fields": {
            "degat": "1d4",
            "type_degat": "PRF",
            "portee_min": 6.0,
            "portee_max": 18.0,
            "propriete": [
                "Finesse",
                "Lancer",
                "L\u00e9g\u00e8re"
            ]
        }
    },
    {
        "model": "data.arme",
        "pk": "Filet",
        "fields": {
            "degat": "0d0",
            "type_degat": "",
            "portee_min": 1.5,
            "portee_max": 4.5,
            "propriete": [
                "Lancer",
                "Sp\u00e9ciale"
            ]
        }
    },
    {
        "model": "data.arme",
        "pk": "Fl\u00e9au d'armes",
        "fields": {
            "degat": "1d8",
            "type_degat": "CTD",
            "portee_min": null,
            "portee_max": null,
            "propriete": [
                "aucune"
            ]
        }
    },
    {
        "model": "data.arme",
        "pk": "Fl\u00e9chette",
        "fields": {
            "degat": "1d4",
            "type_degat": "PRF",
            "portee_min": 6.0,
            "portee_max": 18.0,
            "propriete": [
                "Finesse",
                "Lancer"
            ]
        }
    },
    {
        "model": "data.arme",
        "pk": "Fouet",
        "fields": {
            "degat": "1d4",
            "type_degat": "TRC",
            "portee_min": null,
            "portee_max": null,
            "propriete": [
                "Allonge",
                "Finesse"
            ]
        }
    },
    {
        "model": "data.arme",
        "pk": "Fronde",
        "fields": {
            "degat": "1d4",
            "type_degat": "CTD",
            "portee_min": 9.0,
            "portee_max": 36.0,
            "propriete": [
                "Munitions"
            ]
        }
    },
    {
        "model": "data.arme",
        "pk": "Gourdin",
        "fields": {
            "degat": "1d4",
            "type_degat": "CTD",
            "portee_min": null,
            "portee_max": null,
            "propriete": [
                "L\u00e9g\u00e8re"
            ]
        }
    },
    {
        "model": "data.arme",
        "pk": "Hache d'armes",
        "fields": {
            "degat": "1d8",
            "type_degat": "TRC",
            "portee_min": null,
            "portee_max": null,
            "propriete": [
                "polyvalente(1d10)"
            ]
        }
    },
    {
        "model": "data.arme",
        "pk": "Hache \u00e0 deux mains",
        "fields": {
            "degat": "1d12",
            "type_degat": "TRC",
            "portee_min": null,
            "portee_max": null,
            "propriete": [
                "A deux mains",
                "Lourde"
            ]
        }
    },
    {
        "model": "data.arme",
        "pk": "Hachette",
        "fields": {
            "degat": "1d6",
            "type_degat": "TRC",
            "portee_min": 6.0,
            "portee_max": 18.0,
            "propriete": [
                "Lancer",
                "L\u00e9g\u00e8re"
            ]
        }
    },
    {
        "model": "data.arme",
        "pk": "Hallebarde",
        "fields": {
            "degat": "1d10",
            "type_degat": "TRC",
            "portee_min": null,
            "portee_max": null,
            "propriete": [
                "A deux mains",
                "Allonge",
                "Lourde"
            ]
        }
    },
    {
        "model": "data.arme",
        "pk": "Javeline",
        "fields": {
            "degat": "1d6",
            "type_degat": "PRF",
            "portee_min": 9.0,
            "portee_max": 36.0,
            "propriete": [
                "Lancer"
            ]
        }
    },
    {
        "model": "data.arme",
        "pk": "Lance",
        "fields": {
            "degat": "1d6",
            "type_degat": "PRF",
            "portee_min": 6.0,
            "portee_max": 18.0,
            "propriete": [
                "Lancer",
                "Polyvalente(1d8)"
            ]
        }
    },
    {
        "model": "data.arme",
        "pk": "Lance d\u2019ar\u00e7on",
        "fields": {
            "degat": "1d12",
            "type_degat": "PRF",
            "portee_min": null,
            "portee_max": null,
            "propriete": [
                "Allonge",
                "Sp\u00e9ciale"
            ]
        }
    },
    {
        "model": "data.arme",
        "pk": "Maillet",
        "fields": {
            "degat": "2d6",
            "type_degat": "CTD",
            "portee_min": null,
            "portee_max": null,
            "propriete": [
                "A deux mains",
                "Lourde"
            ]
        }
    },
    {
        "model": "data.arme",
        "pk": "Marteau de guerre",
        "fields": {
            "degat": "1d8",
            "type_degat": "CTD",
            "portee_min": null,
            "portee_max": null,
            "propriete": [
                "polyvalente(1d10)"
            ]
        }
    },
    {
        "model": "data.arme",
        "pk": "Marteau l\u00e9ger",
        "fields": {
            "degat": "1d4",
            "type_degat": "CTD",
            "portee_min": 6.0,
            "portee_max": 18.0,
            "propriete": [
                "Lancer",
                "L\u00e9g\u00e8re"
            ]
        }
    },
    {
        "model": "data.arme",
        "pk": "Masse d'armes",
        "fields": {
            "degat": "1d6",
            "type_degat": "CTD",
            "portee_min": null,
            "portee_max": null,
            "propriete": [
                "aucune"
            ]
        }
    },
    {
        "model": "data.arme",
        "pk": "Massue",
        "fields": {
            "degat": "1d8",
            "type_degat": "CTD",
            "portee_min": null,
            "portee_max": null,
            "propriete": [
                "A deux mains"
            ]
        }
    },
    {
        "model": "data.arme",
        "pk": "Morgenstern",
        "fields": {
            "degat": "1d8",
            "type_degat": "PRF",
            "portee_min": null,
            "portee_max": null,
            "propriete": [
                "aucune"
            ]
        }
    },
    {
        "model": "data.arme",
        "pk": "Pic de guerre",
        "fields": {
            "degat": "1d8",
            "type_degat": "PRF",
            "portee_min": null,
            "portee_max": null,
            "propriete": [
                "aucune"
            ]
        }
    },
    {
        "model": "data.arme",
        "pk": "Pique",
        "fields": {
            "degat": "1d10",
            "type_degat": "PRF",
            "portee_min": null,
            "portee_max": null,
            "propriete": [
                "A deux mains",
                "Allonge",
                "Lourde"
            ]
        }
    },
    {
        "model": "data.arme",
        "pk": "Rapi\u00e8re",
        "fields": {
            "degat": "1d8",
            "type_degat": "PRF",
            "portee_min": null,
            "portee_max": null,
            "propriete": [
                "Finesse"
            ]
        }
    },
    {
        "model": "data.arme",
        "pk": "Sarbacane",
        "fields": {
            "degat": "1d1",
            "type_degat": "PRF",
            "portee_min": 7.5,
            "portee_max": 30.0,
            "propriete": [
                "Chargement",
                "Munitions"
            ]
        }
    },
    {
        "model": "data.arme",
        "pk": "Trident",
        "fields": {
            "degat": "1d6",
            "type_degat": "PRF",
            "portee_min": 6.0,
            "portee_max": 18.0,
            "propriete": [
                "Lancer",
                "Polyvalente(1d8)"
            ]
        }
    },
    {
        "model": "data.arme",
        "pk": "\u00c9p\u00e9e courte",
        "fields": {
            "degat": "1d6",
            "type_degat": "TRC",
            "portee_min": null,
            "portee_max": null,
            "propriete": [
                "Finesse",
                "L\u00e9g\u00e8re"
            ]
        }
    },
    {
        "model": "data.arme",
        "pk": "\u00c9p\u00e9e longue",
        "fields": {
            "degat": "1d8",
            "type_degat": "TRC",
            "portee_min": null,
            "portee_max": null,
            "propriete": [
                "polyvalente(1d10)"
            ]
        }
    },
    {
        "model": "data.arme",
        "pk": "\u00c9p\u00e9e \u00e0 deux mains",
        "fields": {
            "degat": "2d6",
            "type_degat": "TRC",
            "portee_min": null,
            "portee_max": null,
            "propriete": [
                "A deux mains",
                "Lourde"
            ]
        }
    },
    {
        "model": "data.proprietearme",
        "pk": "A deux mains",
        "fields": {
            "desc": "Cette arme n\u00e9cessite les deux mains lorsque vous attaquez avec."
        }
    },
    {
        "model": "data.proprietearme",
        "pk": "Allonge",
        "fields": {
            "desc": "Ce type d'arme ajoute 1,50 m\u00e8tre \u00e0 votre allonge lorsque vous attaquez avec, ou pour d\u00e9terminer votre allonge lorsque vous effectuez une attaque d'opportunit\u00e9 avec"
        }
    },
    {
        "model": "data.proprietearme",
        "pk": "Chargement",
        "fields": {
            "desc": "En raison du temps n\u00e9cessaire pour charger cette arme, vous ne pouvez tirer qu'une seule munition par action, action bonus ou r\u00e9action, quel que soit le nombre d'attaques que vous poss\u00e9dez."
        }
    },
    {
        "model": "data.proprietearme",
        "pk": "En argent",
        "fields": {
            "desc": "Parfois les personnages n'ont pas leurs armes et doivent se battre avec ce qu'ils ont sous la main. Une arme improvis\u00e9e correspond \u00e0 tout objet que vous pouvez prendre \u00e0 une ou deux mains, comme un verre bris\u00e9, un pied de table, une po\u00eale, une roue de chariot ou un gobelin mort.\r\n\r\nDans de nombreux cas, une arme improvis\u00e9e est semblable \u00e0 une arme r\u00e9elle et peut \u00eatre trait\u00e9e comme telle. Par exemple, un pied de table est semblable \u00e0 un gourdin. Le MD peut d\u00e9cider qu'un personnage qui ma\u00eetrise une arme donn\u00e9e peut utiliser un objet similaire comme s'il s'agissait de cette arme et appliquer son bonus de ma\u00eetrise.\r\n\r\nUn objet qui ne ressemble pas \u00e0 une arme inflige 1d4 points de d\u00e9g\u00e2ts (le MD attribue le type de d\u00e9g\u00e2ts appropri\u00e9 \u00e0 l'objet). Si un personnage utilise une arme \u00e0 distance pour effectuer une attaque au corps \u00e0 corps, ou lance une arme de corps \u00e0 corps qui ne poss\u00e8de pas la propri\u00e9t\u00e9 de lancer, elle inflige \u00e9galement 1d4 points de d\u00e9g\u00e2ts. Une arme lanc\u00e9e improvis\u00e9e poss\u00e8de une port\u00e9e nominale de 6 m\u00e8tres et une port\u00e9e maximale de 18 m\u00e8tres."
        }
    },
    {
        "model": "data.proprietearme",
        "pk": "Finesse",
        "fields": {
            "desc": "Lorsque vous effectuez une attaque avec une arme de finesse, vous pouvez au choix appliquer votre modificateur de Force ou celui de Dext\u00e9rit\u00e9 \u00e0 vos jets d'attaque et de d\u00e9g\u00e2ts. Le m\u00eame modificateur s'applique aux deux jets."
        }
    },
    {
        "model": "data.proprietearme",
        "pk": "Lancer",
        "fields": {
            "desc": "Une arme qui poss\u00e8de la propri\u00e9t\u00e9 lancer peut \u00eatre lanc\u00e9e pour r\u00e9aliser une attaque \u00e0 distance. Si l'arme est une arme de corps \u00e0 corps, vous utilisez la m\u00eame caract\u00e9ristique pour le jet d'attaque et de d\u00e9g\u00e2ts que vous auriez utilis\u00e9e au corps \u00e0 corps. Par exemple, si vous lancez une hachette, vous utilisez la Force, mais si vous lancez une dague, vous pouvez utiliser la Force ou la Dext\u00e9rit\u00e9, car la dague poss\u00e8de la propri\u00e9t\u00e9 finesse."
        }
    },
    {
        "model": "data.proprietearme",
        "pk": "Lourde",
        "fields": {
            "desc": "Les cr\u00e9atures de taille P ou TP ont un d\u00e9savantage aux jets d'attaque avec une arme lourde. La taille et le poids d'une arme lourde sont en effet trop importants pour qu'une cr\u00e9ature de taille P ou TP puisse l'utiliser efficacement."
        }
    },
    {
        "model": "data.proprietearme",
        "pk": "L\u00e9g\u00e8re",
        "fields": {
            "desc": "Une arme l\u00e9g\u00e8re est petite et facile \u00e0 manier, ce qui la rend id\u00e9ale pour les combats \u00e0 deux armes."
        }
    },
    {
        "model": "data.proprietearme",
        "pk": "Munitions",
        "fields": {
            "desc": "Vous ne pouvez utiliser une arme qui poss\u00e8de la propri\u00e9t\u00e9 munitions pour une attaque \u00e0 distance que si vous avez des munitions pour celle-ci. Pour chaque attaque r\u00e9alis\u00e9e avec cette arme, une munition est consomm\u00e9e. Prendre la munition d'un carquois ou autre contenant similaire fait partie de l'attaque (vous avez besoin d'une main libre pour recharger une arme \u00e0 une main). \u00c0 la fin du combat, vous pouvez r\u00e9cup\u00e9rer la moiti\u00e9 des munitions utilis\u00e9es en passant une minute pour la recherche. Si vous utilisez ce type d'arme pour une attaque au corps \u00e0 corps, l'arme est consid\u00e9r\u00e9e comme une arme improvis\u00e9e (voir les r\u00e8gles correspondantes). Une fronde doit \u00eatre charg\u00e9e pour infliger des d\u00e9g\u00e2ts de cette mani\u00e8re."
        }
    },
    {
        "model": "data.proprietearme",
        "pk": "Polyvalente",
        "fields": {
            "desc": "Cette arme peut \u00eatre tenue \u00e0 une ou deux mains. Le chiffre indiqu\u00e9 entre parenth\u00e8ses correspond aux d\u00e9g\u00e2ts si l'arme est tenue \u00e0 deux mains lors d'une attaque au corps \u00e0 corps.\r\nPort\u00e9e. Une arme qui peut \u00eatre utilis\u00e9e pour effectuer une attaque \u00e0 distance a une port\u00e9e indiqu\u00e9e entre parenth\u00e8ses apr\u00e8s les propri\u00e9t\u00e9s munitions ou lancer. La port\u00e9e sp\u00e9cifie deux nombres. Le premier indique la port\u00e9e nominale en m\u00e8tres, le deuxi\u00e8me la port\u00e9e maximale. Au-del\u00e0 de la port\u00e9e nominale, vous avez un d\u00e9savantage aux jets d\u2019attaque. Vous ne pouvez attaquer une cr\u00e9ature au-del\u00e0 de la port\u00e9e maximale."
        }
    },
    {
        "model": "data.proprietearme",
        "pk": "Polyvalente(1d8)",
        "fields": {
            "desc": "Cette arme peut \u00eatre tenue \u00e0 une ou deux mains. Le chiffre indiqu\u00e9 entre parenth\u00e8ses correspond aux d\u00e9g\u00e2ts si l'arme est tenue \u00e0 deux mains lors d'une attaque au corps \u00e0 corps.\r\nPort\u00e9e. Une arme qui peut \u00eatre utilis\u00e9e pour effectuer une attaque \u00e0 distance a une port\u00e9e indiqu\u00e9e entre parenth\u00e8ses apr\u00e8s les propri\u00e9t\u00e9s munitions ou lancer. La port\u00e9e sp\u00e9cifie deux nombres. Le premier indique la port\u00e9e nominale en m\u00e8tres, le deuxi\u00e8me la port\u00e9e maximale. Au-del\u00e0 de la port\u00e9e nominale, vous avez un d\u00e9savantage aux jets d\u2019attaque. Vous ne pouvez attaquer une cr\u00e9ature au-del\u00e0 de la port\u00e9e maximale."
        }
    },
    {
        "model": "data.proprietearme",
        "pk": "Sp\u00e9ciale",
        "fields": {
            "desc": "Une arme avec la propri\u00e9t\u00e9 sp\u00e9ciale poss\u00e8de des r\u00e8gles sp\u00e9cifiques qui sont d\u00e9finies dans la description de l'arme"
        }
    },
    {
        "model": "data.proprietearme",
        "pk": "aucune",
        "fields": {
            "desc": ""
        }
    },
    {
        "model": "data.proprietearme",
        "pk": "polyvalente(1d10)",
        "fields": {
            "desc": "Cette arme peut \u00eatre tenue \u00e0 une ou deux mains. Le chiffre indiqu\u00e9 entre parenth\u00e8ses correspond aux d\u00e9g\u00e2ts si l'arme est tenue \u00e0 deux mains lors d'une attaque au corps \u00e0 corps.\r\nPort\u00e9e. Une arme qui peut \u00eatre utilis\u00e9e pour effectuer une attaque \u00e0 distance a une port\u00e9e indiqu\u00e9e entre parenth\u00e8ses apr\u00e8s les propri\u00e9t\u00e9s munitions ou lancer. La port\u00e9e sp\u00e9cifie deux nombres. Le premier indique la port\u00e9e nominale en m\u00e8tres, le deuxi\u00e8me la port\u00e9e maximale. Au-del\u00e0 de la port\u00e9e nominale, vous avez un d\u00e9savantage aux jets d\u2019attaque. Vous ne pouvez attaquer une cr\u00e9ature au-del\u00e0 de la port\u00e9e maximale."
        }
    },
    {
        "model": "data.armure",
        "pk": "Bouclier",
        "fields": {
            "CA": 2,
            "mod_dext": null,
            "discretion_desavantage": false,
            "force_min": null,
            "categorie": "BCL"
        }
    },
    {
        "model": "data.armure",
        "pk": "Broigne",
        "fields": {
            "CA": 14,
            "mod_dext": null,
            "discretion_desavantage": true,
            "force_min": null,
            "categorie": "LRD"
        }
    },
    {
        "model": "data.armure",
        "pk": "Chemise de mailles",
        "fields": {
            "CA": 13,
            "mod_dext": 2,
            "discretion_desavantage": false,
            "force_min": null,
            "categorie": "INT"
        }
    },
    {
        "model": "data.armure",
        "pk": "Clibanion",
        "fields": {
            "CA": 17,
            "mod_dext": null,
            "discretion_desavantage": true,
            "force_min": 15,
            "categorie": "LRD"
        }
    },
    {
        "model": "data.armure",
        "pk": "Cotte de mailles",
        "fields": {
            "CA": 16,
            "mod_dext": null,
            "discretion_desavantage": true,
            "force_min": 13,
            "categorie": "LRD"
        }
    },
    {
        "model": "data.armure",
        "pk": "Cuir",
        "fields": {
            "CA": 11,
            "mod_dext": 1,
            "discretion_desavantage": false,
            "force_min": null,
            "categorie": "LGR"
        }
    },
    {
        "model": "data.armure",
        "pk": "Cuir clout\u00e9",
        "fields": {
            "CA": 12,
            "mod_dext": 1,
            "discretion_desavantage": false,
            "force_min": null,
            "categorie": "LGR"
        }
    },
    {
        "model": "data.armure",
        "pk": "Cuirasse",
        "fields": {
            "CA": 14,
            "mod_dext": 2,
            "discretion_desavantage": false,
            "force_min": null,
            "categorie": "INT"
        }
    },
    {
        "model": "data.armure",
        "pk": "Demi-plate",
        "fields": {
            "CA": 15,
            "mod_dext": null,
            "discretion_desavantage": true,
            "force_min": null,
            "categorie": "INT"
        }
    },
    {
        "model": "data.armure",
        "pk": "Harnois",
        "fields": {
            "CA": 18,
            "mod_dext": null,
            "discretion_desavantage": true,
            "force_min": 15,
            "categorie": "LRD"
        }
    },
    {
        "model": "data.armure",
        "pk": "Matelass\u00e9e",
        "fields": {
            "CA": 11,
            "mod_dext": 1,
            "discretion_desavantage": true,
            "force_min": null,
            "categorie": "LGR"
        }
    },
    {
        "model": "data.armure",
        "pk": "Peaux",
        "fields": {
            "CA": 12,
            "mod_dext": 2,
            "discretion_desavantage": false,
            "force_min": null,
            "categorie": "INT"
        }
    },
    {
        "model": "data.armure",
        "pk": "\u00c9cailles",
        "fields": {
            "CA": 14,
            "mod_dext": 2,
            "discretion_desavantage": true,
            "force_min": null,
            "categorie": "INT"
        }
    },
    {
        "model": "data.langue",
        "pk": "2 au choix",
        "fields": {
            "desc": ""
        }
    },
    {
        "model": "data.langue",
        "pk": "aucune",
        "fields": {
            "desc": ""
        }
    },
    {
        "model": "data.langue",
        "pk": "une au choix",
        "fields": {
            "desc": ""
        }
    },
    {
        "model": "data.outil",
        "pk": "Chalemie",
        "fields": {
            "type": "INS"
        }
    },
    {
        "model": "data.outil",
        "pk": "Cor",
        "fields": {
            "type": "INS"
        }
    },
    {
        "model": "data.outil",
        "pk": "Cornemuse",
        "fields": {
            "type": "INS"
        }
    },
    {
        "model": "data.outil",
        "pk": "D\u00e9s",
        "fields": {
            "type": "OUT"
        }
    },
    {
        "model": "data.outil",
        "pk": "Fl\u00fbte",
        "fields": {
            "type": "INS"
        }
    },
    {
        "model": "data.outil",
        "pk": "Fl\u00fbte de pan",
        "fields": {
            "type": "INS"
        }
    },
    {
        "model": "data.outil",
        "pk": "Jeu d'\u00e9checs draconiques",
        "fields": {
            "type": "JEU"
        }
    },
    {
        "model": "data.outil",
        "pk": "Jeu de cartes",
        "fields": {
            "type": "JEU"
        }
    },
    {
        "model": "data.outil",
        "pk": "Jeu des Dragons",
        "fields": {
            "type": "JEU"
        }
    },
    {
        "model": "data.outil",
        "pk": "Kit d'empoisonneur",
        "fields": {
            "type": "KIT"
        }
    },
    {
        "model": "data.outil",
        "pk": "Kit d'herboriste",
        "fields": {
            "type": "OUT"
        }
    },
    {
        "model": "data.outil",
        "pk": "Kit de contrefa\u00e7on",
        "fields": {
            "type": "KIT"
        }
    },
    {
        "model": "data.outil",
        "pk": "Kit de d\u00e9guisement",
        "fields": {
            "type": "KIT"
        }
    },
    {
        "model": "data.outil",
        "pk": "Luth",
        "fields": {
            "type": "INS"
        }
    },
    {
        "model": "data.outil",
        "pk": "Lyre",
        "fields": {
            "type": "INS"
        }
    },
    {
        "model": "data.outil",
        "pk": "Mat\u00e9riel d'alchimiste",
        "fields": {
            "type": "OUT"
        }
    },
    {
        "model": "data.outil",
        "pk": "Mat\u00e9riel de brasseur",
        "fields": {
            "type": "OUT"
        }
    },
    {
        "model": "data.outil",
        "pk": "Mat\u00e9riel de calligraphe",
        "fields": {
            "type": "OUT"
        }
    },
    {
        "model": "data.outil",
        "pk": "Mat\u00e9riel de peintre",
        "fields": {
            "type": "OUT"
        }
    },
    {
        "model": "data.outil",
        "pk": "Outils de bijoutier",
        "fields": {
            "type": "OUT"
        }
    },
    {
        "model": "data.outil",
        "pk": "Outils de bricoleur",
        "fields": {
            "type": "OUT"
        }
    },
    {
        "model": "data.outil",
        "pk": "Outils de cartographe",
        "fields": {
            "type": "OUT"
        }
    },
    {
        "model": "data.outil",
        "pk": "Outils de charpentier",
        "fields": {
            "type": "OUT"
        }
    },
    {
        "model": "data.outil",
        "pk": "Outils de cordonnier",
        "fields": {
            "type": "OUT"
        }
    },
    {
        "model": "data.outil",
        "pk": "Outils de forgeron",
        "fields": {
            "type": "OUT"
        }
    },
    {
        "model": "data.outil",
        "pk": "Outils de ma\u00e7on",
        "fields": {
            "type": "OUT"
        }
    },
    {
        "model": "data.outil",
        "pk": "Outils de menuisier",
        "fields": {
            "type": "OUT"
        }
    },
    {
        "model": "data.outil",
        "pk": "Outils de navigateur",
        "fields": {
            "type": "OUT"
        }
    },
    {
        "model": "data.outil",
        "pk": "Outils de potier",
        "fields": {
            "type": "OUT"
        }
    },
    {
        "model": "data.outil",
        "pk": "Outils de souffleur de verre",
        "fields": {
            "type": "OUT"
        }
    },
    {
        "model": "data.outil",
        "pk": "Outils de tanneur",
        "fields": {
            "type": "OUT"
        }
    },
    {
        "model": "data.outil",
        "pk": "Outils de tisserand",
        "fields": {
            "type": "OUT"
        }
    },
    {
        "model": "data.outil",
        "pk": "Outils de voleur",
        "fields": {
            "type": "OUT"
        }
    },
    {
        "model": "data.outil",
        "pk": "Tambour",
        "fields": {
            "type": "INS"
        }
    },
    {
        "model": "data.outil",
        "pk": "Tympanon",
        "fields": {
            "type": "INS"
        }
    },
    {
        "model": "data.outil",
        "pk": "Ustensiles de cuisinier",
        "fields": {
            "type": "OUT"
        }
    },
    {
        "model": "data.outil",
        "pk": "Viole",
        "fields": {
            "type": "INS"
        }
    },
    {
        "model": "data.racecapacite",
        "pk": "Agilit\u00e9 halfeline",
        "fields": {
            "desc": "Vous pouvez passer dans l'espace de toute cr\u00e9ature d'une taille sup\u00e9rieure \u00e0 la v\u00f4tre."
        }
    },
    {
        "model": "data.racecapacite",
        "pk": "Ascendance f\u00e9erique",
        "fields": {
            "desc": "Vous avez un avantage aux jets de sauvegarde contre les effets de charme et la magie ne peut pas vous endormir."
        }
    },
    {
        "model": "data.racecapacite",
        "pk": "Attaques sauvages",
        "fields": {
            "desc": "Lorsque vous r\u00e9alisez un coup critique lors d'une attaque au corps \u00e0 corps avec une arme, vous pouvez lancer l'un des d\u00e9s de d\u00e9g\u00e2ts de l'arme une deuxi\u00e8me fois et l'ajouter aux d\u00e9g\u00e2ts suppl\u00e9mentaires du coup critique."
        }
    },
    {
        "model": "data.racecapacite",
        "pk": "Brave",
        "fields": {
            "desc": "Vous avez un avantage aux jets de sauvegarde pour ne pas \u00eatre effray\u00e9."
        }
    },
    {
        "model": "data.racecapacite",
        "pk": "Bricoleur",
        "fields": {
            "desc": "Vous ma\u00eetrisez les outils de bricoleur. En utilisant ces outils, vous pouvez passer 1 heure et d\u00e9penser pour 10 po de mat\u00e9riaux pour construire un m\u00e9canisme de taille TP, de CA 5 et 1 pv. Le dispositif cesse de fonctionner apr\u00e8s 24 heures (sauf si vous passez 1 heure \u00e0 le r\u00e9parer) ou si vous utilisez une action pour le d\u00e9monter ; \u00e0 ce moment, vous pouvez r\u00e9cup\u00e9rer les mat\u00e9riaux que vous avez utilis\u00e9s pour le cr\u00e9er. Vous pouvez avoir jusqu'\u00e0 trois de ces dispositifs actifs \u00e0 la fois. Lorsque vous cr\u00e9ez un m\u00e9canisme, choisissez l'une des options suivantes :\r\n\r\n    Allume feu. Le m\u00e9canisme produit une toute petite flamme qui peut \u00eatre utilis\u00e9e pour allumer une bougie ou une torche au prix d'une action.\r\n    Bo\u00eete \u00e0 musique. Lorsqu'on l'ouvre, la bo\u00eete reproduit une chanson (toujours la m\u00eame) \u00e0 un volume mod\u00e9r\u00e9 jusqu'\u00e0 la fin du morceau ou avant si la bo\u00eete est referm\u00e9e.\r\n    Jouet m\u00e9canique. Le jouet repr\u00e9sente un animal ou une personne, comme une grenouille, une souris, un oiseau ou un soldat, sur des roulettes. Lorsqu'il est plac\u00e9 sur le sol, il se d\u00e9place de 1,50 m\u00e8tre chaque tour dans une direction al\u00e9atoire et fait des bruits en fonction de la cr\u00e9ature qu'il repr\u00e9sente."
        }
    },
    {
        "model": "data.racecapacite",
        "pk": "Cachette naturelle",
        "fields": {
            "desc": "Vous pouvez tenter de vous cacher dans une zone \u00e0 visibilit\u00e9 r\u00e9duite, comme en pr\u00e9sence de branchages, de forte pluie, de neige qui tombe, de brume ou autre ph\u00e9nom\u00e8ne naturel."
        }
    },
    {
        "model": "data.racecapacite",
        "pk": "Chanceux",
        "fields": {
            "desc": "Lorsque vous obtenez un 1 au d\u00e9 d'un jet d'attaque, de caract\u00e9ristique ou de sauvegarde, vous pouvez relancer le d\u00e9 et devez alors utiliser ce nouveau r\u00e9sultat."
        }
    },
    {
        "model": "data.racecapacite",
        "pk": "Connaissance de la pierre",
        "fields": {
            "desc": "Chaque fois que vous effectuez un jet d'Intelligence (Histoire) en relation avec l'origine d'un travail li\u00e9 \u00e0 la pierre, consid\u00e9rez que vous ma\u00eetrisez la comp\u00e9tence Histoire et ajoutez le double de votre bonus de ma\u00eetrise au jet, au lieu du bonus de ma\u00eetrise normal"
        }
    },
    {
        "model": "data.racecapacite",
        "pk": "Connaissance en ing\u00e9nierie",
        "fields": {
            "desc": "Chaque fois que vous effectuez un jet d'Intelligence (Histoire) en relation avec l'alchimie, des objets magiques ou des dispositifs technologiques, ajoutez le double de votre bonus de ma\u00eetrise au jet, au lieu du bonus de ma\u00eetrise normal."
        }
    },
    {
        "model": "data.racecapacite",
        "pk": "Discr\u00e9tion naturelle",
        "fields": {
            "desc": "Vous pouvez tenter de vous cacher si vous vous trouvez derri\u00e8re une cr\u00e9ature d'une taille sup\u00e9rieure \u00e0 la v\u00f4tre."
        }
    },
    {
        "model": "data.racecapacite",
        "pk": "Endurance implacable",
        "fields": {
            "desc": "Lorsque vous tombez \u00e0 0 point de vie, mais que vous n'\u00eates pas tu\u00e9 sur le coup, vous pouvez passer \u00e0 1 point de vie \u00e0 la place. Vous devez terminer un repos long avant de pouvoir utiliser cette capacit\u00e9 de nouveau."
        }
    },
    {
        "model": "data.racecapacite",
        "pk": "Entra\u00eenement aux armes drows",
        "fields": {
            "desc": "Vous obtenez la ma\u00eetrise des rapi\u00e8res, des \u00e9p\u00e9es courtes et des arbal\u00e8tes de poing."
        }
    },
    {
        "model": "data.racecapacite",
        "pk": "Entra\u00eenement aux armes elfiques",
        "fields": {
            "desc": "Vous obtenez la ma\u00eetrise des \u00e9p\u00e9es (longues et courtes) et des arcs (longs et courts)."
        }
    },
    {
        "model": "data.racecapacite",
        "pk": "Entra\u00eenement aux armes naines",
        "fields": {
            "desc": "Vous obtenez la ma\u00eetrise des hachettes, des haches d'armes, des marteaux l\u00e9gers et des marteaux de guerre."
        }
    },
    {
        "model": "data.racecapacite",
        "pk": "Formation au port des armures naines",
        "fields": {
            "desc": "Vous ma\u00eetrisez les armures l\u00e9g\u00e8res et interm\u00e9diaires."
        }
    },
    {
        "model": "data.racecapacite",
        "pk": "Foul\u00e9e l\u00e9g\u00e8re",
        "fields": {
            "desc": "Votre vitesse de base passe \u00e0 10,50 m\u00e8tres."
        }
    },
    {
        "model": "data.racecapacite",
        "pk": "Langue suppl\u00e9mentaire",
        "fields": {
            "desc": "Vous parlez, lisez et \u00e9crivez une langue suppl\u00e9mentaire de votre choix."
        }
    },
    {
        "model": "data.racecapacite",
        "pk": "Magie drow",
        "fields": {
            "desc": "Vous connaissez le sort mineur lumi\u00e8res dansantes. Lorsque vous atteignez le niveau 3, vous pouvez lancer le sort lueurs f\u00e9eriques une fois avec ce trait et regagnez cette capacit\u00e9 lorsque vous terminez un repos long. Lorsque vous atteignez le niveau 5, vous pouvez lancer le sort t\u00e9n\u00e8bres une fois avec ce trait et regagnez cette capacit\u00e9 lorsque vous terminez un repos long. Le Charisme est votre caract\u00e9ristique d'incantation pour ces sorts."
        }
    },
    {
        "model": "data.racecapacite",
        "pk": "Ma\u00eetrise des outils",
        "fields": {
            "desc": "Vous obtenez la ma\u00eetrise d'un des outils d'artisan suivant au choix : outils de forgeron, outils de brasseur ou outils de ma\u00e7on."
        }
    },
    {
        "model": "data.racecapacite",
        "pk": "Mena\u00e7ant",
        "fields": {
            "desc": "Vous gagnez la ma\u00eetrise de la comp\u00e9tence Intimidation."
        }
    },
    {
        "model": "data.racecapacite",
        "pk": "Polyvalence",
        "fields": {
            "desc": "Vous gagnez la ma\u00eetrise de deux comp\u00e9tences de votre choix."
        }
    },
    {
        "model": "data.racecapacite",
        "pk": "Ruse gnome",
        "fields": {
            "desc": "Vous avez un avantage aux jets de sauvegarde d'Intelligence, de Sagesse et de Charisme contre la magie."
        }
    },
    {
        "model": "data.racecapacite",
        "pk": "R\u00e9sistance des robustes",
        "fields": {
            "desc": "Vous obtenez un avantage aux jets de sauvegarde contre le poison et la r\u00e9sistance contre les d\u00e9g\u00e2ts de poison."
        }
    },
    {
        "model": "data.racecapacite",
        "pk": "R\u00e9sistance naine",
        "fields": {
            "desc": "Vous avez un avantage aux jets de sauvegarde contre le poison et obtenez la r\u00e9sistance contre les d\u00e9g\u00e2ts de poison."
        }
    },
    {
        "model": "data.racecapacite",
        "pk": "Sens aiguis\u00e9s",
        "fields": {
            "desc": "Vous ma\u00eetrisez la comp\u00e9tence Perception."
        }
    },
    {
        "model": "data.racecapacite",
        "pk": "Sensibilit\u00e9 au soleil",
        "fields": {
            "desc": "Vous avez un d\u00e9savantage aux jets d'attaque et aux jets de Sagesse (Perception) bas\u00e9s sur \u200b\u200bla vue quand vous, la cible de l'attaque ou ce que vous essayez de d\u00e9tecter est expos\u00e9 \u00e0 la lumi\u00e8re du soleil."
        }
    },
    {
        "model": "data.racecapacite",
        "pk": "Sort mineur",
        "fields": {
            "desc": "Vous connaissez un sort mineur de votre choix parmi la liste des sorts mineurs de magicien. L'Intelligence est votre caract\u00e9ristique d'incantation pour ce sort."
        }
    },
    {
        "model": "data.racecapacite",
        "pk": "Teint pierreux",
        "fields": {
            "desc": "Vous avez l'avantage aux jets de Dext\u00e9rit\u00e9 (Discr\u00e9tion) pour vous cacher sur un terrain rocheux."
        }
    },
    {
        "model": "data.racecapacite",
        "pk": "Transe",
        "fields": {
            "desc": "Les elfes n'ont pas besoin de dormir. Au lieu de cela, ils m\u00e9ditent profond\u00e9ment, restant \u00e0 demi conscients, 4 heures par jour (le mot commun pour d\u00e9signer cette m\u00e9ditation est \u00ab transe \u00bb). En m\u00e9ditant, vous pouvez r\u00eaver, tant bien que mal ; ces r\u00eaves sont en fait des exercices mentaux qui deviennent un r\u00e9flexe apr\u00e8s des ann\u00e9es de pratique. Apr\u00e8s un repos de ce type, vous obtenez les m\u00eames avantages qu'un humain apr\u00e8s 8 heures de sommeil."
        }
    },
    {
        "model": "data.racecapacite",
        "pk": "T\u00e9nacit\u00e9 naine",
        "fields": {
            "desc": "Votre maximum de points de vie augmente de 1 \u00e0 chaque niveau."
        }
    },
    {
        "model": "data.racecapacite",
        "pk": "Vision dans le noir",
        "fields": {
            "desc": "Vous pouvez voir \u00e0 18 m\u00e8tres dans une lumi\u00e8re faible comme vous verriez avec une lumi\u00e8re vive, et dans le noir comme vous verriez avec une lumi\u00e8re faible. Dans le noir, vous ne discernez pas les couleurs, uniquement des nuances de gris."
        }
    },
    {
        "model": "data.racecapacite",
        "pk": "Vision dans le noir sup\u00e9rieure",
        "fields": {
            "desc": "Votre vision dans le noir est \u00e9tendue \u00e0 36 m\u00e8tres"
        }
    },
    {
        "model": "data.racecapacite",
        "pk": "aucun",
        "fields": {
            "desc": "humain"
        }
    },
    {
        "model": "data.race",
        "pk": "Elfe noir (drow)",
        "fields": {
            "desc": "En tant que drow, vous \u00eates impr\u00e9gn\u00e9 par la magie de l'Outreterre, un royaume souterrain fait de merveilles et d'horreurs que l'on voit rarement \u00e0 la surface. Vous \u00eates chez vous dans les ombres et, gr\u00e2ce \u00e0 votre magie inn\u00e9e, vous pouvez invoquer \u00e0 la fois la lumi\u00e8re et les t\u00e9n\u00e8bres. Les v\u00f4tres ont tendance \u00e0 avoir les cheveux blancs et la peau gris\u00e2tre.\r\n\r\nLe culte de la d\u00e9esse Lolth, la Reine des araign\u00e9es, a corrompu certaines des plus anciennes cit\u00e9s drows, en particulier dans l'univers de Greyhawk et sur Toril. Eberron, Krynn et d'autres mondes \u00e9chappent \u00e0 l'influence du culte... pour l'instant. Mais partout o\u00f9 le culte est une menace, des h\u00e9ros drows se dressent contre lui, cherchant \u00e0 briser la toile tentaculaire de Lolth.",
            "taille_max": 180,
            "taille_min": 150,
            "vitesse": "9.0",
            "famille": "elfe",
            "capacite": [
                "Ascendance f\u00e9erique",
                "Entra\u00eenement aux armes drows",
                "Magie drow",
                "Sens aiguis\u00e9s",
                "Sensibilit\u00e9 au soleil",
                "Transe",
                "Vision dans le noir",
                "Vision dans le noir sup\u00e9rieure"
            ]
        }
    },
    {
        "model": "data.race",
        "pk": "Halfelin pied-l\u00e9ger",
        "fields": {
            "desc": "En tant que halfelin pied-l\u00e9ger, vous pouvez facilement vous cacher, en utilisant m\u00eame d'autres personnes comme abri. Vous avez tendance \u00e0 \u00eatre affable et \u00e0 bien vous entendre avec les autres. Les halfelins pied-l\u00e9ger sont ceux qui ont le plus migr\u00e9 et sont donc la sous-race la plus commune. Ils sont les plus enclins \u00e0 voyager de tous les halfelins, et vivent souvent avec d'autres races ou embrassent une vie de nomade.",
            "taille_max": 110,
            "taille_min": 70,
            "vitesse": "7.5",
            "famille": "halfelin",
            "capacite": [
                "Agilit\u00e9 halfeline",
                "Brave",
                "Chanceux",
                "Discr\u00e9tion naturelle"
            ]
        }
    },
    {
        "model": "data.race",
        "pk": "demi-elfe",
        "fields": {
            "desc": "",
            "taille_max": 180,
            "taille_min": 150,
            "vitesse": "9.0",
            "famille": null,
            "capacite": [
                "Ascendance f\u00e9erique",
                "Polyvalence",
                "Vision dans le noir"
            ]
        }
    },
    {
        "model": "data.race",
        "pk": "demi-orc",
        "fields": {
            "desc": "Que ce soit unis sous la direction d'un puissant occultiste ou lors de tr\u00eaves apr\u00e8s des ann\u00e9es de conflit, les tribus orcs et humaines forment parfois des alliances, unissant leurs forces en une horde encore plus grande qui engendre la terreur dans les terres civilis\u00e9es proches. Et lorsque ces alliances sont scell\u00e9es par des mariages, des demi-orcs naissent. Certains deviennent de fiers chefs de tribus orcs, leur sang humain leur donnant un avantage sur leurs rivaux orcs. Certains s'aventurent dans le monde afin de prouver leur valeur parmi les humains ou d'autres races plus civilis\u00e9es. Beaucoup d'entre eux deviennent alors des aventuriers, acqu\u00e9rant la grandeur \u00e0 travers leurs hauts faits et la notori\u00e9t\u00e9 \u00e0 travers leurs coutumes barbares et leur fureur sauvage.",
            "taille_max": 210,
            "taille_min": 180,
            "vitesse": "9.0",
            "famille": null,
            "capacite": [
                "Attaques sauvages",
                "Endurance implacable",
                "Mena\u00e7ant",
                "Vision dans le noir"
            ]
        }
    },
    {
        "model": "data.race",
        "pk": "elfe",
        "fields": {
            "desc": "Les elfes sont des cr\u00e9atures magiques d\u2019une extraordinaire gr\u00e2ce, habitant le monde sans en faire totalement partie. Ils vivent dans des lieux d\u2019une beaut\u00e9 \u00e9th\u00e9r\u00e9e, au c\u0153ur d\u2019anciennes for\u00eats ou dans des tours scintillantes d\u2019une lumi\u00e8re f\u00e9erique, l\u00e0 o\u00f9 une douce musique flotte dans l\u2019air et o\u00f9 de subtils effluves embaument la brise. Les elfes aiment la nature et la magie, l\u2019art et l\u2019artisanat, la musique et la po\u00e9sie, et les bonnes choses de ce monde.",
            "taille_max": 150,
            "taille_min": 180,
            "vitesse": "9.0",
            "famille": "elfe",
            "capacite": [
                "Ascendance f\u00e9erique",
                "Sens aiguis\u00e9s",
                "Transe",
                "Vision dans le noir"
            ]
        }
    },
    {
        "model": "data.race",
        "pk": "elfe des bois",
        "fields": {
            "desc": "En tant qu'elfe des bois, vous avez des sens aiguis\u00e9s et une forte intuition. Vous vous d\u00e9placez rapidement et discr\u00e8tement dans vos for\u00eats. Les elfes des bois (\u00e9galement appel\u00e9s elfes sauvages, elfes verts ou elfes des for\u00eats) sont reclus et m\u00e9fiants envers les non-elfes. La peau des elfes des bois tend \u00e0 \u00eatre cuivr\u00e9e, parfois avec des traces de vert. Leurs cheveux tendent vers le brun et le noir, mais peuvent parfois aussi \u00eatre blonds ou cuivr\u00e9s. Leurs yeux sont verts, bruns ou noisette.",
            "taille_max": 180,
            "taille_min": 150,
            "vitesse": "10.5",
            "famille": null,
            "capacite": [
                "Ascendance f\u00e9erique",
                "Cachette naturelle",
                "Entra\u00eenement aux armes elfiques",
                "Foul\u00e9e l\u00e9g\u00e8re",
                "Sens aiguis\u00e9s",
                "Transe",
                "Vision dans le noir"
            ]
        }
    },
    {
        "model": "data.race",
        "pk": "gnome des for\u00eats",
        "fields": {
            "desc": "Les gnomes des for\u00eats se r\u00e9unissent dans des communaut\u00e9s cach\u00e9es au sein des for\u00eats, souvent loin des routes et des chemins de la civilisation. Timides et discrets, ces gnomes \u00e9vitent la confrontation autant que possible en utilisant l'illusion et la ruse pour se cacher des menaces ou pour masquer leur fuite s'ils ont \u00e9t\u00e9 d\u00e9busqu\u00e9s. Les gnomes des for\u00eats ont tendance \u00e0 \u00eatre amicaux avec les autres habitants des bois, et consid\u00e8rent les elfes et les f\u00e9es bonnes comme leurs alli\u00e9s les plus importants. Ils se lient aussi d'amiti\u00e9 avec les petits animaux de la for\u00eat, sur lesquels ils comptent pour obtenir des informations sur les menaces qui pourraient planer sur leurs terres.",
            "taille_max": 120,
            "taille_min": 90,
            "vitesse": "7.5",
            "famille": "gnome",
            "capacite": [
                "Ruse gnome",
                "Vision dans le noir"
            ]
        }
    },
    {
        "model": "data.race",
        "pk": "gnome des profondeur",
        "fields": {
            "desc": "Les gnomes des for\u00eats et les gnomes des roches sont les gnomes les plus fr\u00e9quemment rencontr\u00e9s sur les terres du monde de la surface. Mais il existe une autre sous-race de gnomes que les habitants de la surface ne rencontrent que rarement : les gnomes des profondeurs, aussi connus comme les svirfnebelins. Sur leurs gardes, et se m\u00e9fiant des \u00e9trangers, les svirfnebelins sont rus\u00e9s et taciturnes, mais peuvent \u00eatre tout aussi bons, loyaux et compatissants que leurs cousins de la surface.",
            "taille_max": 105,
            "taille_min": 90,
            "vitesse": "7.5",
            "famille": null,
            "capacite": [
                "Ruse gnome",
                "Teint pierreux",
                "Vision dans le noir sup\u00e9rieure"
            ]
        }
    },
    {
        "model": "data.race",
        "pk": "gnome des roches",
        "fields": {
            "desc": "Les gnomes des roches \u00e9tablissent leurs communaut\u00e9s dans les collines et les montagnes, l\u00e0 o\u00f9 ils peuvent avoir acc\u00e8s aux mat\u00e9riaux dont ils ont besoin pour construire et bricoler. Ces ma\u00eetres artisans sont in\u00e9gal\u00e9s lorsqu'on parle de tailler des gemmes ou de m\u00e9canique et autres merveilles technologiques. Leurs r\u00e9alisations sont recherch\u00e9es dans le monde entier.",
            "taille_max": 120,
            "taille_min": 90,
            "vitesse": "7.5",
            "famille": "gnome",
            "capacite": [
                "Bricoleur",
                "Connaissance en ing\u00e9nierie",
                "Ruse gnome",
                "Vision dans le noir"
            ]
        }
    },
    {
        "model": "data.race",
        "pk": "halfelin robuste",
        "fields": {
            "desc": "En tant que halfelin robuste, vous \u00eates plus costaud que la moyenne et poss\u00e9dez une certaine r\u00e9sistance au poison. Certains disent que les robustes ont du sang nain. Aussi appel\u00e9s halfelins vaillants, ce sont les plus communs au sud des Royaumes Oubli\u00e9s.",
            "taille_max": 110,
            "taille_min": 70,
            "vitesse": "7.5",
            "famille": "halfelin",
            "capacite": [
                "Agilit\u00e9 halfeline",
                "Brave",
                "Chanceux",
                "R\u00e9sistance des robustes"
            ]
        }
    },
    {
        "model": "data.race",
        "pk": "haut-elfe",
        "fields": {
            "desc": "En tant que haut-elfe, vous avez l'esprit vif et connaissez les rudiments de la magie. Notez qu'il existe deux sortes de hauts-elfes. Les premiers (les elfes du soleil) sont hautains et solitaires, se pensant sup\u00e9rieurs aux non-elfes et m\u00eame aux autres elfes. Les seconds (les elfes de la lune), plus communs et plus conviviaux, sont souvent rencontr\u00e9s chez les humains et les autres races. Les elfes du soleil ont la peau de couleur bronze et les cheveux de couleur cuivre, noir ou or. Leurs yeux sont de couleur or, d'argent ou noir. Les elfes de la lune sont beaucoup plus p\u00e2les. Ils ont souvent les cheveux blanc-argent\u00e9, noir ou bleu, mais diverses nuances de blond, brun et roux ne \u200b\u200bsont pas rares. Leurs yeux sont bleus ou verts et mouchet\u00e9s d'or.",
            "taille_max": 180,
            "taille_min": 150,
            "vitesse": "9.0",
            "famille": "elfe",
            "capacite": [
                "Ascendance f\u00e9erique",
                "Entra\u00eenement aux armes elfiques",
                "Langue suppl\u00e9mentaire",
                "Sens aiguis\u00e9s",
                "Sort mineur",
                "Transe",
                "Vision dans le noir"
            ]
        }
    },
    {
        "model": "data.race",
        "pk": "humain",
        "fields": {
            "desc": "Dans la plupart des mondes, les humains sont la plus jeune des races communes, la derni\u00e8re \u00e0 \u00eatre apparue et celle dot\u00e9e de la plus faible long\u00e9vit\u00e9 par rapport aux nains, aux elfes et aux dragons. Peut-\u00eatre du fait de leurs vies plus courtes, ils s'efforcent d'atteindre autant d'objectifs qu'ils peuvent pendant les ann\u00e9es qui leur sont donn\u00e9es. Ou peut-\u00eatre sentent-ils qu'ils ont quelque chose \u00e0 prouver aux races plus anciennes, et c'est pourquoi ils construisent de puissants empires bas\u00e9s sur la conqu\u00eate et le commerce. Mais quelle que soit la raison qui les pousse de l'avant, les humains sont les innovateurs, les b\u00e2tisseurs et les pionniers de leurs mondes.",
            "taille_max": 185,
            "taille_min": 155,
            "vitesse": "9.0",
            "famille": "humain",
            "capacite": [
                "aucun"
            ]
        }
    },
    {
        "model": "data.race",
        "pk": "nain des collines",
        "fields": {
            "desc": "En tant que nain des collines, vous avez les sens aiguis\u00e9s, une forte intuition et une r\u00e9sistance remarquable. Les nains d'or de Faer\u00fbn dans leur puissant royaume du sud sont des nains des collines.",
            "taille_max": 150,
            "taille_min": 120,
            "vitesse": "7.5",
            "famille": "nain",
            "capacite": [
                "Connaissance de la pierre",
                "Entra\u00eenement aux armes naines",
                "Ma\u00eetrise des outils",
                "R\u00e9sistance naine",
                "T\u00e9nacit\u00e9 naine",
                "Vision dans le noir"
            ]
        }
    },
    {
        "model": "data.race",
        "pk": "nain des montagnes",
        "fields": {
            "desc": "En tant que nain des montagnes, vous \u00eates fort et robuste, et habitu\u00e9 \u00e0 une vie difficile en terrain accident\u00e9. Vous \u00eates probablement plus grand que la moyenne (pour un nain) et votre peau est plus claire. Les nains d'\u00e9cu au nord de Faer\u00fbn sont des nains des montagnes.",
            "taille_max": 150,
            "taille_min": 110,
            "vitesse": "7.5",
            "famille": "nain",
            "capacite": [
                "Connaissance de la pierre",
                "Entra\u00eenement aux armes naines",
                "Formation au port des armures naines",
                "Ma\u00eetrise des outils",
                "R\u00e9sistance naine",
                "Vision dans le noir"
            ]
        }
    },
    {
        "model": "data.bonuscaracteristique",
        "pk": 2,
        "fields": {
            "caracteristique": "dex",
            "race": "elfe",
            "valeur": 2
        }
    },
    {
        "model": "data.bonuscaracteristique",
        "pk": 6,
        "fields": {
            "caracteristique": "dex",
            "race": "haut-elfe",
            "valeur": 2
        }
    },
    {
        "model": "data.bonuscaracteristique",
        "pk": 7,
        "fields": {
            "caracteristique": "int",
            "race": "haut-elfe",
            "valeur": 1
        }
    },
    {
        "model": "data.bonuscaracteristique",
        "pk": 8,
        "fields": {
            "caracteristique": "dex",
            "race": "elfe des bois",
            "valeur": 2
        }
    },
    {
        "model": "data.bonuscaracteristique",
        "pk": 9,
        "fields": {
            "caracteristique": "sag",
            "race": "elfe des bois",
            "valeur": 1
        }
    },
    {
        "model": "data.bonuscaracteristique",
        "pk": 10,
        "fields": {
            "caracteristique": "dex",
            "race": "Elfe noir (drow)",
            "valeur": 2
        }
    },
    {
        "model": "data.bonuscaracteristique",
        "pk": 11,
        "fields": {
            "caracteristique": "cha",
            "race": "Elfe noir (drow)",
            "valeur": 1
        }
    },
    {
        "model": "data.bonuscaracteristique",
        "pk": 12,
        "fields": {
            "caracteristique": "dex",
            "race": "Halfelin pied-l\u00e9ger",
            "valeur": 2
        }
    },
    {
        "model": "data.bonuscaracteristique",
        "pk": 13,
        "fields": {
            "caracteristique": "cha",
            "race": "Halfelin pied-l\u00e9ger",
            "valeur": 1
        }
    },
    {
        "model": "data.bonuscaracteristique",
        "pk": 14,
        "fields": {
            "caracteristique": "dex",
            "race": "halfelin robuste",
            "valeur": 2
        }
    },
    {
        "model": "data.bonuscaracteristique",
        "pk": 15,
        "fields": {
            "caracteristique": "con",
            "race": "halfelin robuste",
            "valeur": 1
        }
    },
    {
        "model": "data.bonuscaracteristique",
        "pk": 16,
        "fields": {
            "caracteristique": "dex",
            "race": "humain",
            "valeur": 1
        }
    },
    {
        "model": "data.bonuscaracteristique",
        "pk": 17,
        "fields": {
            "caracteristique": "con",
            "race": "humain",
            "valeur": 1
        }
    },
    {
        "model": "data.bonuscaracteristique",
        "pk": 18,
        "fields": {
            "caracteristique": "int",
            "race": "humain",
            "valeur": 1
        }
    },
    {
        "model": "data.bonuscaracteristique",
        "pk": 19,
        "fields": {
            "caracteristique": "sag",
            "race": "humain",
            "valeur": 1
        }
    },
    {
        "model": "data.bonuscaracteristique",
        "pk": 20,
        "fields": {
            "caracteristique": "cha",
            "race": "humain",
            "valeur": 1
        }
    },
    {
        "model": "data.bonuscaracteristique",
        "pk": 21,
        "fields": {
            "caracteristique": "for",
            "race": "humain",
            "valeur": 1
        }
    },
    {
        "model": "data.bonuscaracteristique",
        "pk": 22,
        "fields": {
            "caracteristique": "con",
            "race": "nain des collines",
            "valeur": 2
        }
    },
    {
        "model": "data.bonuscaracteristique",
        "pk": 23,
        "fields": {
            "caracteristique": "sag",
            "race": "nain des collines",
            "valeur": 1
        }
    },
    {
        "model": "data.bonuscaracteristique",
        "pk": 24,
        "fields": {
            "caracteristique": "con",
            "race": "nain des montagnes",
            "valeur": 2
        }
    },
    {
        "model": "data.bonuscaracteristique",
        "pk": 25,
        "fields": {
            "caracteristique": "for",
            "race": "nain des montagnes",
            "valeur": 2
        }
    },
    {
        "model": "data.bonuscaracteristique",
        "pk": 26,
        "fields": {
            "caracteristique": "cha",
            "race": "demi-elfe",
            "valeur": 2
        }
    },
    {
        "model": "data.bonuscaracteristique",
        "pk": 27,
        "fields": {
            "caracteristique": "chx",
            "race": "demi-elfe",
            "valeur": 1
        }
    },
    {
        "model": "data.bonuscaracteristique",
        "pk": 28,
        "fields": {
            "caracteristique": "for",
            "race": "demi-orc",
            "valeur": 2
        }
    },
    {
        "model": "data.bonuscaracteristique",
        "pk": 29,
        "fields": {
            "caracteristique": "con",
            "race": "demi-orc",
            "valeur": 1
        }
    },
    {
        "model": "data.bonuscaracteristique",
        "pk": 30,
        "fields": {
            "caracteristique": "int",
            "race": "gnome des for\u00eats",
            "valeur": 2
        }
    },
    {
        "model": "data.bonuscaracteristique",
        "pk": 31,
        "fields": {
            "caracteristique": "dex",
            "race": "gnome des for\u00eats",
            "valeur": 1
        }
    },
    {
        "model": "data.bonuscaracteristique",
        "pk": 32,
        "fields": {
            "caracteristique": "int",
            "race": "gnome des roches",
            "valeur": 2
        }
    },
    {
        "model": "data.bonuscaracteristique",
        "pk": 33,
        "fields": {
            "caracteristique": "con",
            "race": "gnome des roches",
            "valeur": 1
        }
    },
    {
        "model": "data.bonuscaracteristique",
        "pk": 34,
        "fields": {
            "caracteristique": "int",
            "race": "gnome des profondeur",
            "valeur": 2
        }
    },
    {
        "model": "data.bonuscaracteristique",
        "pk": 35,
        "fields": {
            "caracteristique": "dex",
            "race": "gnome des profondeur",
            "valeur": 1
        }
    },
    {
        "model": "data.caracteristique",
        "pk": "cha",
        "fields": {
            "nom": "charisme",
            "desc": "Le Charisme d\u00e9termine votre capacit\u00e9 \u00e0 interagir efficacement avec les autres. Il comprend des facteurs comme la confiance et l'\u00e9loquence, et peut repr\u00e9senter une personnalit\u00e9 charmante ou dominante."
        }
    },
    {
        "model": "data.caracteristique",
        "pk": "chx",
        "fields": {
            "nom": "choix",
            "desc": "caract\u00e9ristique au choix"
        }
    },
    {
        "model": "data.caracteristique",
        "pk": "con",
        "fields": {
            "nom": "constitution",
            "desc": "La Constitution d\u00e9termine la sant\u00e9, l'endurance et la force vitale."
        }
    },
    {
        "model": "data.caracteristique",
        "pk": "dex",
        "fields": {
            "nom": "dext\u00e9rit\u00e9",
            "desc": "La Dext\u00e9rit\u00e9 d\u00e9termine l'agilit\u00e9, les r\u00e9flexes et l'\u00e9quilibre."
        }
    },
    {
        "model": "data.caracteristique",
        "pk": "for",
        "fields": {
            "nom": "force",
            "desc": "La Force d\u00e9termine la puissance physique, l'entrainement sportif et la mesure dans laquelle vous pouvez exercer une force physique brute."
        }
    },
    {
        "model": "data.caracteristique",
        "pk": "int",
        "fields": {
            "nom": "intelligence",
            "desc": "L'intelligence d\u00e9termine l'acuit\u00e9 mentale, la pr\u00e9cision de la m\u00e9moire et la capacit\u00e9 \u00e0 raisonner."
        }
    },
    {
        "model": "data.caracteristique",
        "pk": "sag",
        "fields": {
            "nom": "sagesse",
            "desc": "La Sagesse refl\u00e8te la fa\u00e7on dont vous \u00eates \u00e0 l'\u00e9coute du monde autour de vous, ainsi que la perspicacit\u00e9 et l'intuition."
        }
    },
    {
        "model": "data.competence",
        "pk": "acrobaties",
        "fields": {
            "desc": "Un jet de Dext\u00e9rit\u00e9 (Acrobaties) couvre votre tentative pour rester sur vos pieds dans une situation d\u00e9licate, comme lorsque vous essayez de courir sur de la glace, de tenir en \u00e9quilibre sur une corde raide, ou de rester debout sur le pont d'un navire chahut\u00e9. Le MD peut \u00e9galement demander un jet de Dext\u00e9rit\u00e9 (Acrobaties) pour voir si vous pouvez effectuer des acrobaties, comme un plongeon, une roulade ou un saut p\u00e9rilleux.",
            "caracteristique": "dex"
        }
    },
    {
        "model": "data.competence",
        "pk": "arcanes",
        "fields": {
            "desc": "Un jet d'Intelligence (Arcanes) \u00e9value votre aptitude \u00e0 vous rappeler des choses \u00e0 propos de sorts, d'objets magiques, de symboles occultes, de traditions magiques, de plans d'existence ou des habitants de ces plans.",
            "caracteristique": "int"
        }
    },
    {
        "model": "data.competence",
        "pk": "athl\u00e9tisme",
        "fields": {
            "desc": "Un jet de Force (Athl\u00e9tisme) couvre les situations difficiles que vous rencontrez en grimpant, en sautant ou nageant.",
            "caracteristique": "for"
        }
    },
    {
        "model": "data.competence",
        "pk": "discr\u00e9tion",
        "fields": {
            "desc": "Faite un jet de Dext\u00e9rit\u00e9 (Discr\u00e9tion) lorsque vous essayez de vous cacher des ennemis, de vous glisser entre des gardes, filer sans vous faire remarquer, ou vous \u00e9chapper sans \u00eatre vu ou entendu.",
            "caracteristique": "dex"
        }
    },
    {
        "model": "data.competence",
        "pk": "dressage",
        "fields": {
            "desc": "Quand il est question de savoir si vous pouvez calmer un animal domestique, faire qu'une monture ne s'effraye pas, ou deviner les intentions d'un animal, le MD peut demander un jet de Sagesse (Dressage). Vous pouvez \u00e9galement faire un jet de Sagesse (Dressage) pour contr\u00f4ler votre monture lorsque vous tentez une man\u0153uvre risqu\u00e9e.",
            "caracteristique": "sag"
        }
    },
    {
        "model": "data.competence",
        "pk": "escamotage",
        "fields": {
            "desc": "Chaque fois que vous tentez une manipulation ou une fourberie, comme prendre quelque chose \u00e0 quelqu'un ou dissimuler un objet sur vous-m\u00eame, faites un jet de Dext\u00e9rit\u00e9 (Escamotage). Le MD peut \u00e9galement demander un jet de Dext\u00e9rit\u00e9 (Escamotage) pour d\u00e9terminer si vous pouvez d\u00e9rober une bourse ou glisser quelque chose dans la poche de quelqu'un.",
            "caracteristique": "dex"
        }
    },
    {
        "model": "data.competence",
        "pk": "histoire",
        "fields": {
            "desc": "Un jet d'Intelligence (Histoire) \u00e9value votre aptitude \u00e0 vous rappeler des choses \u00e0 propos d'\u00e9v\u00e9nements historiques, de personnages l\u00e9gendaires, d'anciens royaumes, de conflits pass\u00e9s, de guerres r\u00e9centes et de civilisations perdues.",
            "caracteristique": "int"
        }
    },
    {
        "model": "data.competence",
        "pk": "intimidation",
        "fields": {
            "desc": "Lorsque vous essayez d'influencer les gens par des menaces ouvertes, des actions hostiles, ou de la violence physique, le MD peut vous demander de faire un jet de Charisme (Intimidation). Cela peut appliquer pour essayer de soutirer des informations \u00e0 un prisonnier, convaincre des voyous de renoncer \u00e0 une confrontation, ou utiliser un tesson de bouteille pour convaincre un vizir sarcastique de r\u00e9examiner sa d\u00e9cision.",
            "caracteristique": "cha"
        }
    },
    {
        "model": "data.competence",
        "pk": "intuition",
        "fields": {
            "desc": "Un jet de Sagesse (Intuition) d\u00e9termine si vous pouvez d\u00e9celer les v\u00e9ritables intentions d'une cr\u00e9ature, comme lorsque vous tentez de savoir si elle ment ou pour pr\u00e9voir son prochain mouvement. Cela implique de lire le langage du corps, d\u00e9tecter ses habitudes de langage et les changements dans ses mani\u00e8res.",
            "caracteristique": "sag"
        }
    },
    {
        "model": "data.competence",
        "pk": "investigation",
        "fields": {
            "desc": "Lorsque vous regardez autour de vous pour trouver des indices et faire des d\u00e9ductions sur la base de ces indices, vous faites un jet d'Intelligence (Investigation). Vous pouvez en d\u00e9duire l'emplacement d'un objet cach\u00e9, discerner en fonction de l'apparence d'une blessure le type d'arme utilis\u00e9, ou d\u00e9terminer le point faible dans un tunnel pour causer son effondrement. Se pencher sur d'anciens manuscrits \u00e0 la recherche d'informations cach\u00e9es peut aussi demander un jet d'Intelligence (Investigation).",
            "caracteristique": "int"
        }
    },
    {
        "model": "data.competence",
        "pk": "m\u00e9decine",
        "fields": {
            "desc": "Un jet de Sagesse (M\u00e9decine) permet d'essayer de stabiliser un compagnon mourant ou de diagnostiquer une maladie.",
            "caracteristique": "sag"
        }
    },
    {
        "model": "data.competence",
        "pk": "nature",
        "fields": {
            "desc": "Un jet d'Intelligence (Nature) \u00c3\u00a9value votre aptitude \u00c3\u00a0 vous rappeler des informations sur un type de terrain, des plantes ou des animaux, la m\u00c3\u00a9t\u00c3\u00a9o et les cycles naturels.",
            "caracteristique": "int"
        }
    },
    {
        "model": "data.competence",
        "pk": "perception",
        "fields": {
            "desc": "Un jet de Sagesse (Perception) permet de rep\u00e9rer, entendre ou d\u00e9tecter la pr\u00e9sence de quelque chose. Il mesure votre conscience de l'environnement et l'acuit\u00e9 de vos sens. Par exemple, vous pouvez essayer d'entendre une conversation \u00e0 travers une porte ferm\u00e9e, espionner par une fen\u00eatre ouverte, ou entendre des monstres se faufiler dans la for\u00eat. Vous pouvez aussi essayer de rep\u00e9rer des choses qui sont cach\u00e9es ou difficiles \u00e0 d\u00e9celer, que ce soient des orcs en embuscade sur une route, des voyous cach\u00e9s dans l'ombre d'une ruelle ou la lueur d'une chandelle sous une porte secr\u00e8te ferm\u00e9e.",
            "caracteristique": "sag"
        }
    },
    {
        "model": "data.competence",
        "pk": "persuasion",
        "fields": {
            "desc": "Lorsque vous essayez d'influencer quelqu'un ou un groupe de personnes avec tact, gr\u00e2ce, ou de bonnes mani\u00e8res, le MD peut vous demander de faire un jet de Charisme (Persuasion). En r\u00e8gle g\u00e9n\u00e9rale, vous utilisez la persuasion lorsque vous agissez de bonne foi, afin de favoriser l'amiti\u00e9, faire des demandes cordiales, ou utiliser l'\u00e9tiquette appropri\u00e9e. Vous pouvez utiliser la persuasion pour convaincre un chambellan de laisser votre groupe voir le roi, n\u00e9gocier la paix entre deux tribus en guerre, ou motiver une foule de citadins",
            "caracteristique": "cha"
        }
    },
    {
        "model": "data.competence",
        "pk": "religion",
        "fields": {
            "desc": "Un jet d'Intelligence (Religion) \u00e9value votre aptitude \u00e0 vous rappeler des choses \u00e0 propos des dieux, des rites et des pri\u00e8res, la hi\u00e9rarchie religieuse, les symboles sacr\u00e9s et les pratiques de cultes secrets.",
            "caracteristique": "int"
        }
    },
    {
        "model": "data.competence",
        "pk": "repr\u00e9sentation",
        "fields": {
            "desc": "Un jet de Charisme (Repr\u00e9sentation) d\u00e9termine la fa\u00e7on dont vous pouvez enchanter un public par la musique, la danse, le th\u00e9\u00e2tre, le conte ou toute autre forme de divertissement.",
            "caracteristique": "cha"
        }
    },
    {
        "model": "data.competence",
        "pk": "survie",
        "fields": {
            "desc": "Le MD peut vous demander de faire un jet de Sagesse (Survie) pour suivre des traces, chasser du gibier sauvage, guider votre groupe sur un terrain gel\u00e9, identifier des traces indiquant qu'un ours-hibou vit \u00e0 proximit\u00e9, pr\u00e9voir le temps ou \u00e9viter des sables mouvants et autres catastrophes naturelles.",
            "caracteristique": "sag"
        }
    },
    {
        "model": "data.competence",
        "pk": "tromperie",
        "fields": {
            "desc": "Un jet de Charisme (Tromperie) d\u00e9termine si vous pouvez cacher la v\u00e9rit\u00e9 avec efficacit\u00e9, soit verbalement, soit par vos actions. La tromperie peut englober beaucoup de choses, depuis l'ambigu\u00eft\u00e9 de ses dires jusqu'au mensonge pur et simple. Des situations typiques sont d'essayer d'embobiner un garde, duper un commer\u00e7ant, gagner de l'argent au jeu, vous faire passer pour quelqu'un d'autre \u00e0 l'aide d'un d\u00e9guisement, apaiser les soup\u00e7ons de quelqu'un avec une fausse assurance, ou maintenir un visage impassible tout en racontant un mensonge flagrant.",
            "caracteristique": "cha"
        }
    },
    {
        "model": "data.classe",
        "pk": "barbare",
        "fields": {
            "desc": "Drap\u00e9 de fourrure et portant une hache, un humain tribal de haute taille marche \u00e0 grandes enjamb\u00e9es \u00e0 travers le blizzard. Riant aux \u00e9clats, il charge le g\u00e9ant du givre qui a os\u00e9 s'en prendre au troupeau de son clan. Une demi-orc grogne f\u00e9rocement contre le dernier adversaire qui a voulu remettre en cause son autorit\u00e9 sur la tribu, pr\u00eate \u00e0 lui briser le cou comme elle l'a fait avec les six pr\u00e9c\u00e9dents. L'\u00e9cume aux l\u00e8vres, un nain balance son casque dans le visage d'un premier ennemi drow puis, se retournant, envoie sa cubiti\u00e8re dans le ventre d'un second.",
            "dv": 12,
            "nb_competences": 2,
            "choix_competences": [
                "dressage",
                "intimidation",
                "nature",
                "perception",
                "survie"
            ],
            "jets_sauvegarde": [
                "con"
            ]
        }
    },
    {
        "model": "data.classe",
        "pk": "barde",
        "fields": {
            "desc": "Fredonnant alors qu\u2019elle passe ses doigts sur un ancien monument au c\u0153ur de ruines depuis longtemps oubli\u00e9es, une demi-elfe v\u00eatue de cuir robuste sent le savoir, invoqu\u00e9 par la magie de son chant, bondir dans son esprit. Le savoir de ceux qui ont \u00e9rig\u00e9 ce monument. Le savoir relatant la saga mythique qui y est illustr\u00e9e. Un solide guerrier humain frappe son \u00e9p\u00e9e avec rythme sur son armure d\u2019\u00e9cailles, instaurant un tempo pour accompagner son chant de guerre et exhortant ses compagnons \u00e0 la bravoure et \u00e0 l\u2019h\u00e9ro\u00efsme. La magie de son chant les fortifie et les enhardit. Accordant son cistre tout en rigolant, une gnome tisse sa subtile magie sur l\u2019assembl\u00e9e des nobles, s'assurant ainsi que les paroles de ses compagnons seront bien re\u00e7ues.",
            "dv": 8,
            "nb_competences": 3,
            "choix_competences": [
                "acrobaties",
                "arcanes",
                "discr\u00e9tion",
                "dressage",
                "escamotage",
                "histoire",
                "intimidation",
                "intuition",
                "investigation",
                "m\u00e9decine",
                "nature",
                "perception",
                "persuasion",
                "religion",
                "repr\u00e9sentation",
                "survie",
                "tromperie"
            ],
            "jets_sauvegarde": [
                "cha",
                "dex"
            ]
        }
    },
    {
        "model": "data.classe",
        "pk": "clerc",
        "fields": {
            "desc": "Les bras et les yeux lev\u00e9s en direction du soleil, une pri\u00e8re sur les l\u00e8vres, un elfe commence \u00e0 briller d'une lumi\u00e8re int\u00e9rieure qui s'en va gu\u00e9rir ses compagnons us\u00e9s par le combat. Chantant une chanson de gloire, un nain fait osciller sa hache en de larges mouvements circulaires afin de couper les rangs orcs face \u00e0 lui, criant des louanges aux dieux \u00e0 chaque ennemi qui tombe. Jetant une mal\u00e9diction sur les morts-vivants qui s'avancent, un humain brandit son symbole sacr\u00e9 alors qu'une lumi\u00e8re se lib\u00e8re de celui-ci pour repousser les zombis qui se pressaient sur ses compagnons.",
            "dv": 8,
            "nb_competences": 2,
            "choix_competences": [
                "histoire",
                "intuition",
                "m\u00e9decine",
                "persuasion",
                "religion"
            ],
            "jets_sauvegarde": [
                "cha",
                "sag"
            ]
        }
    },
    {
        "model": "data.classe",
        "pk": "druide",
        "fields": {
            "desc": "Tenant bien haut un b\u00e2ton noueux couronn\u00e9 de houx, une elfe convoque la fureur des temp\u00eates et en appelle \u00e0 la puissance foudroyante des \u00e9clairs pour punir les porteurs de torches orcs qui menacent sa for\u00eat. Sous forme de l\u00e9opard, s'accroupissant sur la branche d'un grand arbre \u00e0 l'abri des regards, un humain scrute \u00e0 travers la jungle l'\u00e9trange construction d'un temple de l'Air du Mal \u00e9l\u00e9mentaire, gardant un \u0153il fix\u00e9 sur les activit\u00e9s des cultistes. Brandissant une \u00e9p\u00e9e fa\u00eete de feu pur, un demi-elfe charge dans la masse des soldats squelettes, brisant la magie antinaturelle qui a donn\u00e9 \u00e0 ces immondes cr\u00e9atures un d\u00e9risoire semblant de vie.",
            "dv": 8,
            "nb_competences": 2,
            "choix_competences": [
                "arcanes",
                "dressage",
                "intuition",
                "m\u00e9decine",
                "nature",
                "perception",
                "religion",
                "survie"
            ],
            "jets_sauvegarde": [
                "int",
                "sag"
            ]
        }
    },
    {
        "model": "data.classe",
        "pk": "ensorceleur",
        "fields": {
            "desc": "Avec son regard \u00e9clatant d\u2019une lumi\u00e8re dor\u00e9e, une humaine tend sa main et lib\u00e8re le feu du dragon qui lui br\u00fble les veines. Alors que l\u2019enfer engouffre ses ennemis, une paire d\u2019ailes \u00e9merge de son dos, puis elle prend son envol. Sa longue chevelure battue par un vent invoqu\u00e9, un demi-elfe \u00e9carte les bras et l\u00e8ve les yeux au ciel. Le soulevant momentan\u00e9ment du sol, une vague de magie se d\u00e9charge en lui, \u00e0 travers lui et par lui, en une puissante explosion foudroyante. Accroupie derri\u00e8re une stalagmite, une halfeline pointe du doigt un troglodyte qui charge. Une d\u00e9flagration de feu surgit de son doigt pour atteindre la cr\u00e9ature. Elle se replie derri\u00e8re le rocher avec le sourire, inconsciente du fait que sa magie sauvage a color\u00e9 sa peau d\u2019un bleu \u00e9clatant.",
            "dv": 6,
            "nb_competences": 2,
            "choix_competences": [
                "arcanes",
                "intimidation",
                "intuition",
                "persuasion",
                "religion",
                "tromperie"
            ],
            "jets_sauvegarde": [
                "cha",
                "con"
            ]
        }
    },
    {
        "model": "data.classe",
        "pk": "guerrier",
        "fields": {
            "desc": "Un humain \u00e9quip\u00e9 d'un harnois clinquant brandit son bouclier devant lui tout en fon\u00e7ant vers des gobelins mass\u00e9s. Un elfe, derri\u00e8re lui, v\u00eatu d'une armure de cuir clout\u00e9, arrose ces m\u00eames gobelins avec les fl\u00e8ches qu'il d\u00e9coche de son pr\u00e9cieux arc. Le demi-orc \u00e0 proximit\u00e9 lance des ordres, aidant les deux combattants \u00e0 coordonner leur assaut au mieux. Un nain en cotte de mailles interpose son bouclier entre la massue d'un ogre et son compagnon, puis ass\u00e8ne un coup mortel de c\u00f4t\u00e9. Son compagnon, un demi-elfe en armure d'\u00e9cailles, fait virevolter deux cimeterres dans un tourbillon aveuglant tout en contournant l'ogre, \u00e0 la recherche d'un point faible dans sa d\u00e9fense. Un combat de gladiateurs pour le spectacle dans une ar\u00e8ne, un ma\u00eetre du trident avec son filet, entra\u00een\u00e9 \u00e0 renverser ses ennemis et \u00e0 se d\u00e9placer autour d'eux pour le plaisir et de la foule, et pour son propre avantage tactique.",
            "dv": 10,
            "nb_competences": 2,
            "choix_competences": [
                "acrobaties",
                "dressage",
                "histoire",
                "intimidation",
                "intuition",
                "perception",
                "survie"
            ],
            "jets_sauvegarde": [
                "con"
            ]
        }
    },
    {
        "model": "data.classe",
        "pk": "magicien",
        "fields": {
            "desc": "V\u00eatue d'une robe d'argent qui d\u00e9note son rang, une elfe ferme les yeux pour s'\u00e9loigner des distractions du champ de bataille et commence son chant. Les doigts crois\u00e9s face \u00e0 elle, elle ach\u00e8ve son sort et lance une petite perle de feu vers les rangs ennemis, laquelle \u00e9clate lorsqu'elle arrive \u00e0 son but et engloutit les soldats lors de son explosion. V\u00e9rifiant et rev\u00e9rifiant son travail, un humain dessine \u00e0 la craie sur le sol de pierre un cercle magique intriguant, puis saupoudre le long de chaque ligne et chaque courbe de la limaille de fer. Une fois le travail accompli, il se lance dans une longue incantation. Un trou s'ouvre alors dans l'espace \u00e0 l'int\u00e9rieur du cercle, lib\u00e9rant une bouff\u00e9e de soufre provenant du plan d'un autre monde. Accroupi au sol \u00e0 l'intersection de deux couloirs d'un donjon, un gnome jette une poign\u00e9e de petits os grav\u00e9s de symboles mystiques, tout en murmurant quelques mots de pouvoir. Il ferme alors ses yeux pour voir les visions plus clairement, hoche la t\u00eate lentement, puis ouvre les yeux et pointe le passage \u00e0 sa gauche.",
            "dv": 6,
            "nb_competences": 2,
            "choix_competences": [
                "arcanes",
                "histoire",
                "intuition",
                "investigation",
                "m\u00e9decine",
                "religion"
            ],
            "jets_sauvegarde": [
                "int",
                "sag"
            ]
        }
    },
    {
        "model": "data.classe",
        "pk": "moine",
        "fields": {
            "desc": "Ses paumes floues alors qu'elles d\u00e9vient une pluie de fl\u00e8ches, une demi-elfe saute par-dessus la barricade et se jette au beau milieu des rangs d'hobgobelins mass\u00e9s de l'autre c\u00f4t\u00e9. Elle tournoie parmi eux, les frappant dans les c\u00f4tes et les envoyant tituber, jusqu'\u00e0 ce qu'elle se retrouve la derni\u00e8re debout. Prenant une profonde inspiration, un humain recouvert de tatouages se met en position de combat. Alors que les premiers orcs qui chargent l'atteignent, il souffle, et un d\u00e9ferlement de flammes jaillit de sa bouche, submergeant ses ennemis. Se d\u00e9pla\u00e7ant aussi silencieusement que la nuit, une halfeline toute v\u00eatue de noir s'enfonce dans l'ombre d'une arcade et \u00e9merge d'une autre nappe d'ombre sur un balcon, \u00e0 un jet de pierre de distance. Elle glisse sa lame hors de son fourreau envelopp\u00e9 de tissus et passe par la fen\u00eatre de la chambre du prince tyrannique, tellement vuln\u00e9rable dans les bras de Morph\u00e9e.",
            "dv": 8,
            "nb_competences": 2,
            "choix_competences": [
                "acrobaties",
                "discr\u00e9tion",
                "histoire",
                "intuition",
                "religion"
            ],
            "jets_sauvegarde": [
                "dex"
            ]
        }
    },
    {
        "model": "data.classe",
        "pk": "occultiste",
        "fields": {
            "desc": "Un pseudodragon lov\u00e9 sur ses \u00e9paules, un jeune elfe v\u00eatu d\u2019une robe dor\u00e9e sourit chaleureusement, tissant la trame d\u2019un sortil\u00e8ge avec ses paroles mielleuses tout en incitant les sentinelles du palais \u00e0 se plier \u00e0 sa volont\u00e9. Alors que les flammes surgissent de sa main, une humaine fl\u00e9trie susurre le nom secret de son patron d\u00e9moniaque, insufflant \u00e0 son sort une magie diabolique. Balayant son regard entre un livre v\u00e9tuste et l\u2019\u00e9trange alignement des astres, un tieffelin \u00e9perdu psalmodie un rituel mystique qui ouvrira un portail vers un monde distant.",
            "dv": 8,
            "nb_competences": 2,
            "choix_competences": [
                "arcanes",
                "histoire",
                "intimidation",
                "investigation",
                "nature",
                "religion",
                "tromperie"
            ],
            "jets_sauvegarde": [
                "cha",
                "sag"
            ]
        }
    },
    {
        "model": "data.classe",
        "pk": "paladin",
        "fields": {
            "desc": "V\u00eatue d'une armure \u00e9tincelante sous le soleil, malgr\u00e9 la poussi\u00e8re et la crasse accumul\u00e9es durant ce long voyage, une humaine pose \u00e0 terre son \u00e9p\u00e9e et son bouclier, puis, sur le corps d'un homme mortellement bless\u00e9, elle appose ses mains. Un rayonnement divin s'en \u00e9chappe, refermant les blessures de l'homme qui ouvre alors les yeux, stup\u00e9fait. Accroupis derri\u00e8re un affleurement rocheux, son manteau noir le rendant quasi invisible dans la nuit, un nain observe une troupe d'orcs f\u00eatant leur derni\u00e8re victoire. En silence, il s'infiltre dans leur camp et chuchote un serment : deux orcs tombent raide morts avant m\u00eame d'avoir pu entrevoir sa pr\u00e9sence. Sa chevelure couleur argent brillant dans le puits de lumi\u00e8re qui ne semble illuminer que lui, un elfe rit, exultant. Sa lance, comme ses yeux, envoie des \u00e9clairs alors qu'il virevolte encore et encore autour d'un g\u00e9ant difforme, jusqu'\u00e0 ce que sa lumi\u00e8re triomphe de cette hideuse obscurit\u00e9.",
            "dv": 10,
            "nb_competences": 2,
            "choix_competences": [
                "intimidation",
                "intuition",
                "m\u00e9decine",
                "persuasion",
                "religion"
            ],
            "jets_sauvegarde": [
                "cha",
                "sag"
            ]
        }
    },
    {
        "model": "data.classe",
        "pk": "roublard",
        "fields": {
            "desc": "Signifiant \u00e0 ses compagnons d'attendre, un halfelin avance lentement dans la salle du donjon. Il colle son oreille \u00e0 la porte, puis sort un jeu d'outils et croch\u00e8te la serrure en un clin d'\u0153il. Il dispara\u00eet ensuite dans l'ombre, lorsque son ami guerrier avance pour frapper la porte ouverte. Un humain se cache dans l'ombre d'une ruelle tandis que son complice se pr\u00e9pare pour l'embuscade. Quand leur cible, un esclavagiste notoire, passe en face de la ruelle, le complice crie, l'esclavagiste vient voir ce qui se passe, et la lame de l'assassin lui coupe la gorge avant qu'il ne puisse faire le moindre bruit. Une gnome agite ses doigts et soul\u00e8ve par magie le trousseau de cl\u00e9s \u00e0 la ceinture du garde. En un instant, les cl\u00e9s sont dans sa main, la porte de la cellule est ouverte, et elle et ses compagnons sont libres de prendre la fuite.",
            "dv": 8,
            "nb_competences": 4,
            "choix_competences": [
                "acrobaties",
                "discr\u00e9tion",
                "escamotage",
                "intimidation",
                "intuition",
                "investigation",
                "perception",
                "persuasion",
                "repr\u00e9sentation",
                "tromperie"
            ],
            "jets_sauvegarde": [
                "dex",
                "int"
            ]
        }
    },
    {
        "model": "data.classe",
        "pk": "r\u00f4deur",
        "fields": {
            "desc": "D'aspect sauvage et rude, un humain traque seul \u00e0 travers les ombres des arbres, chassant les orcs qu'il sait pr\u00e9parer l'attaque d'une ferme alentour. Arm\u00e9 d'une \u00e9p\u00e9e courte dans chaque main il devient une tornade de m\u00e9tal, tranchant les ennemis les uns apr\u00e8s les autres. Apr\u00e8s avoir fait une roulade loin d'un souffle d'air gel\u00e9, une elfe se redresse d'un bond et d\u00e9gaine son arc, d\u00e9cochant au passage une fl\u00e8che vers le dragon blanc. S'affranchissant de la vague de terreur qui \u00e9mane de lui comme la morsure glac\u00e9e de son souffle, elle fait pleuvoir ses traits les uns apr\u00e8s les autres afin de trouver un point faible entre les \u00e9paisses \u00e9cailles du dragon. Levant sa main en l'air, un demi-elfe siffle vers le faucon qui vole en cercle au-dessus de lui, l'appelant \u00e0 ses c\u00f4t\u00e9s. Chuchotant des instructions en elfique, il pointe du doigt l'ours-hibou qu'il traquait et envoie le rapace distraire la cr\u00e9ature pendant qu'il bande son arc.",
            "dv": 10,
            "nb_competences": 3,
            "choix_competences": [
                "discr\u00e9tion",
                "dressage",
                "intuition",
                "investigation",
                "nature",
                "perception",
                "survie"
            ],
            "jets_sauvegarde": [
                "dex"
            ]
        }
    }
]